Country Name,Country Code,Indicator Name,Indicator Code,1960,1961,1962,1963,1964,1965,1966,1967,1968,1969,1970,1971,1972,1973,1974,1975,1976,1977,1978,1979,1980,1981,1982,1983,1984,1985,1986,1987,1988,1989,1990,1991,1992,1993,1994,1995,1996,1997,1998,1999,2000,2001,2002,2003,2004,2005,2006,2007,2008,2009,2010,2011,2012,2013,2014,2015,2016,2017,2018,2019,2020,2021,2022
Aruba,ABW,"Stocks traded, total value (current US$)",CM.MKT.TRAD.CD,,,,,,,,,,,,,,,,,,,,,,,,,,,,,,,,,,,,,,,,,,,,,,,,,,,,,,,,,,,,,,,
Africa Eastern and Southern,AFE,"Stocks traded, total value (current US$)",CM.MKT.TRAD.CD,,,,,,,,,,,,,,,,,,,,,,,,,,,,,,,,,,8014380000,13726400000,16242230000,27491840000,43046360000,54813490000,73204280000,70629600000,35532800000,,,84188410000,,,,,,,,,,,,,,,,,,
Afghanistan,AFG,"Stocks traded, total value (current US$)",CM.MKT.TRAD.CD,,,,,,,,,,,,,,,,,,,,,,,,,,,,,,,,,,,,,,,,,,,,,,,,,,,,,,,,,,,,,,,
Africa Western and Central,AFW,"Stocks traded, total value (current US$)",CM.MKT.TRAD.CD,,,,,,,,,,,,,,,,,,,,,,,,,,,,,,,,,,,,102430000,330770000,540340000,685810000,,,,,,,2039730000,3756230000,17669640000,17297270000,4785130000,5433970000,4242610000,4318000000,6788170000,5531890000,4606740000,,,,,2683690000,,
Angola,AGO,"Stocks traded, total value (current US$)",CM.MKT.TRAD.CD,,,,,,,,,,,,,,,,,,,,,,,,,,,,,,,,,,,,,,,,,,,,,,,,,,,,,,,,,,,,,,,
Albania,ALB,"Stocks traded, total value (current US$)",CM.MKT.TRAD.CD,,,,,,,,,,,,,,,,,,,,,,,,,,,,,,,,,,,,,,,,,,,,,,,,,,,,,,,,,,,,,,,
Andorra,AND,"Stocks traded, total value (current US$)",CM.MKT.TRAD.CD,,,,,,,,,,,,,,,,,,,,,,,,,,,,,,,,,,,,,,,,,,,,,,,,,,,,,,,,,,,,,,,
Arab World,ARB,"Stocks traded, total value (current US$)",CM.MKT.TRAD.CD,,,,,,,,,,,,,,,,,,,,,,,,,,,,,,,,,,,,,,,,,,,,,,,1.58574E+12,,,,,3.79206E+11,5.98464E+11,,8.07148E+11,5.71497E+11,3.94787E+11,3.05899E+11,2.98348E+11,2.86126E+11,5.82489E+11,,
United Arab Emirates,ARE,"Stocks traded, total value (current US$)",CM.MKT.TRAD.CD,,,,,,,,,,,,,,,,,,,,,,,,,,,,,,,,,,,,,,,,,,,,,,,20187670000,47604080000,71135377000,65802580000,27717670000,15004370000,17951830000,,1.44064E+11,57598340000,49467630000,44169460000,25429860000,29251300000,37509250000,,
Argentina,ARG,"Stocks traded, total value (current US$)",CM.MKT.TRAD.CD,,,,,,,,,,,,,,,,450000000,806000000,239000000,352000000,1471500000,1115000000,184050000,242900000,175700000,253300000,474410000,239220000,143980000,4272730000,396070000,800770000,4548690000,15738610000,49764530000,1.12828E+11,31903600000,31303500000,38206640000,26064460000,11862190000,9145630000,6662000000,1168610000,2929510000,4551450000,5257770000,3387990000,4845000000,3337600000,1510580000,2544790000,2454310000,1462140000,2237310000,3522520000,2699820000,4360745593,6592777693,4571173455,2983330000,2183040000,,
Armenia,ARM,"Stocks traded, total value (current US$)",CM.MKT.TRAD.CD,,,,,,,,,,,,,,,,,,,,,,,,,,,,,,,,,,,,,,,,,,,,,,,,,,,,,,,,,,,,,,,
American Samoa,ASM,"Stocks traded, total value (current US$)",CM.MKT.TRAD.CD,,,,,,,,,,,,,,,,,,,,,,,,,,,,,,,,,,,,,,,,,,,,,,,,,,,,,,,,,,,,,,,
Antigua and Barbuda,ATG,"Stocks traded, total value (current US$)",CM.MKT.TRAD.CD,,,,,,,,,,,,,,,,,,,,,,,,,,,,,,,,,,,,,,,,,,,,,,,,,,,,,,,,,,,,,,,
Australia,AUS,"Stocks traded, total value (current US$)",CM.MKT.TRAD.CD,,,,,,,,,,,,,,,,1171000000,1340000000,1483000000,883000000,2005310000,4948400000,7788180000,4921550000,9334800000,10108440000,15263050000,22661000000,57498550000,40964150000,43548950000,40186100000,45671250000,42055310000,66719950000,99588430000,98197350000,1.44964E+11,1.50212E+11,1.55534E+11,1.98808E+11,2.13223E+11,2.4057E+11,2.90946E+11,4.2167E+11,5.44922E+11,6.1267E+11,8.58944E+11,1.37326E+12,8.39734E+11,8.41481E+11,1.13134E+12,1.12848E+12,9.05666E+11,7.87881E+11,7.03486E+11,7.50636E+11,7.94977E+11,8.42772E+11,7.74027E+11,8.34226E+11,1.22616E+12,,
Austria,AUT,"Stocks traded, total value (current US$)",CM.MKT.TRAD.CD,,,,,,,,,,,,,,,,67000000,96000000,74000000,85000000,91200000,105300000,84300000,73100000,132600000,113400000,801730000,1195600000,1383730000,1989650000,26209560000,57671350000,7685860000,4757560000,6586150000,8772950000,13000810000,10338400000,12071580000,18056390000,11813170000,9665760000,7313690000,6507290000,12035820000,25927690000,43328140000,82970200000,1.29135E+11,98137240000,51509760000,48838610000,38787870000,23639550000,26528040000,28719260000,31732950000,26552486712,39986893432,39431841593,33479930000,39779610000,,
Azerbaijan,AZE,"Stocks traded, total value (current US$)",CM.MKT.TRAD.CD,,,,,,,,,,,,,,,,,,,,,,,,,,,,,,,,,,,,,,,,,,,,,,,,,,,,,,,,,,,,,,,
Burundi,BDI,"Stocks traded, total value (current US$)",CM.MKT.TRAD.CD,,,,,,,,,,,,,,,,,,,,,,,,,,,,,,,,,,,,,,,,,,,,,,,,,,,,,,,,,,,,,,,
Belgium,BEL,"Stocks traded, total value (current US$)",CM.MKT.TRAD.CD,,,,,,,,,,,,,,,,576010000,661000000,620000000,723000000,1056010000,772530000,621220000,1034380000,1315560000,1442630000,2211400000,4801260000,8049500000,8238000000,8493120000,7285890000,6761040000,7770800000,10556370000,12992300000,15196200000,21877400000,28467060000,58960900000,50562290000,38584170000,37775700000,38167730000,41355490000,75105190000,1.06523E+11,1.35253E+11,2.3157E+11,1.90715E+11,1.23239E+11,1.07418E+11,1.0325E+11,1.00925E+11,1.15307E+11,1.07248E+11,,,,,,,,
Benin,BEN,"Stocks traded, total value (current US$)",CM.MKT.TRAD.CD,,,,,,,,,,,,,,,,,,,,,,,,,,,,,,,,,,,,,,,,,,,,,,,,,,,,,,,,,,,,,,,
Burkina Faso,BFA,"Stocks traded, total value (current US$)",CM.MKT.TRAD.CD,,,,,,,,,,,,,,,,,,,,,,,,,,,,,,,,,,,,,,,,,,,,,,,,,,,,,,,,,,,,,,,
Bangladesh,BGD,"Stocks traded, total value (current US$)",CM.MKT.TRAD.CD,,,,,,,,,,,,,,,,,,,,,,,,,,,,,,,,,,14800000,107700000,150060000,852940000,569150000,1008800000,968390000,935530000,261100000,,,248100000,205560000,236490000,707840000,1461690000,2339290000,4837590000,2224437040,1443100000,1235919200,15809430000,13612290000,15320840000,26503040000,16142121138,13126870000,14920160000,,
Bulgaria,BGR,"Stocks traded, total value (current US$)",CM.MKT.TRAD.CD,,,,,,,,,,,,,,,,,,,,,,,,,,,,,,,,,,2200000,2200000,4200000,9690000,43330000,146110000,5800000,4110000,70300000,163100000,116210000,458150000,781480000,1868260000,6784270000,1314850000,487090000,377250000,321870000,362000000,879600000,,,,,,170420000,212590000,,
Bahrain,BHR,"Stocks traded, total value (current US$)",CM.MKT.TRAD.CD,,,,,,,,,,,,,,,,,,,,,,,,,,,,,,,,,,,160200000,106100000,176700000,479500000,576390000,445390000,245440000,191500000,215000000,266730000,311640000,702290000,1381120000,1044720000,2083620000,466280000,287560000,156130000,278400000,604600000,717800000,294040000,332914102.2,562999038.2,969893333.3,759730000,592970000,,
"Bahamas, The",BHS,"Stocks traded, total value (current US$)",CM.MKT.TRAD.CD,,,,,,,,,,,,,,,,,,,,,,,,,,,,,,,,,,,,,,,,,,,,,,,,,,,,,,,,,,,,,,,
Bosnia and Herzegovina,BIH,"Stocks traded, total value (current US$)",CM.MKT.TRAD.CD,,,,,,,,,,,,,,,,,,,,,,,,,,,,,,,,,,,,,,,,,,,,,,,,,,,,,,,,,,,,,,,
Belarus,BLR,"Stocks traded, total value (current US$)",CM.MKT.TRAD.CD,,,,,,,,,,,,,,,,,,,,,,,,,,,,,,,,,,,,,,,,,,,,,,,,,,,,,,,25060000,8440000,18380000,21990000,14200000,14970000,6050000,,
Belize,BLZ,"Stocks traded, total value (current US$)",CM.MKT.TRAD.CD,,,,,,,,,,,,,,,,,,,,,,,,,,,,,,,,,,,,,,,,,,,,,,,,,,,,,,,,,,,,,,,
Bermuda,BMU,"Stocks traded, total value (current US$)",CM.MKT.TRAD.CD,,,,,,,,,,,,,,,,,,,,,,,,,,,,,,,,,,,,32100000,35700000,96400000,97600000,226000000,136000000,213000000,92000000,50720000,63970000,68350000,157000000,161920000,102000000,30990000,104510000,18730000,29260000,44100000,23670000,15310000,216970000,39140000,49150000,22750000,,,
Bolivia,BOL,"Stocks traded, total value (current US$)",CM.MKT.TRAD.CD,,,,,,,,,,,,,,,,,,,,,,,,,,,,,,,,,,,,,,,,,,,,,,,,,,,,,,,,,,,,,,,
Brazil,BRA,"Stocks traded, total value (current US$)",CM.MKT.TRAD.CD,,,,,,,,,,,,,,,,,,,,3243400000,5375700000,6183900000,5925400000,3508700000,7413700000,16579730000,28909560000,9826800000,6100000000,4152600000,5842900000,11767600000,23062200000,35188000000,81758100000,78902600000,1.16128E+11,2.17399E+11,1.72862E+11,1.5885E+11,94051280000,64476950000,39374690000,70478750000,1.13682E+11,1.7092E+11,2.79477E+11,6.45439E+11,5.69862E+11,7.07867E+11,9.08132E+11,8.24916E+11,8.31639E+11,7.39678E+11,6.44171E+11,4.19978E+11,5.61081E+11,6.42503E+11,7.69196E+11,1.03873E+12,1.3736E+12,,
Barbados,BRB,"Stocks traded, total value (current US$)",CM.MKT.TRAD.CD,,,,,,,,,,,,,,,,,,,,,,,,,,,,,,,,,,4400000,5700000,3110000,6160000,23170000,31830000,10190000,48100000,10300000,,,,,,,,,33600000,117180000,16000000,6400000,8700000,,,,,13790000,6260000,,
Brunei Darussalam,BRN,"Stocks traded, total value (current US$)",CM.MKT.TRAD.CD,,,,,,,,,,,,,,,,,,,,,,,,,,,,,,,,,,,,,,,,,,,,,,,,,,,,,,,,,,,,,,,
Bhutan,BTN,"Stocks traded, total value (current US$)",CM.MKT.TRAD.CD,,,,,,,,,,,,,,,,,,,,,,,,,,,,,,,,,,,,,,,,,,,,,,,,,,,,,,,,,,,,,,,
Botswana,BWA,"Stocks traded, total value (current US$)",CM.MKT.TRAD.CD,,,,,,,,,,,,,,,,,,,,,,,,,,,,,,,,,,,30000000,37910000,28510000,56400000,66250000,36710000,,,,,,,,,,,,,,,,,,,,,,,
Central African Republic,CAF,"Stocks traded, total value (current US$)",CM.MKT.TRAD.CD,,,,,,,,,,,,,,,,,,,,,,,,,,,,,,,,,,,,,,,,,,,,,,,,,,,,,,,,,,,,,,,
Canada,CAN,"Stocks traded, total value (current US$)",CM.MKT.TRAD.CD,,,,,,,,,,,,,,,,5208850000,6368860000,6667000000,10159000000,18077390000,27156300000,23686730000,16468200000,28169400000,25308240000,38991270000,57184660000,93254500000,68777140000,89380290000,68125140000,73335290000,75705320000,1.33359E+11,1.56142E+11,1.83406E+11,2.64982E+11,3.37958E+11,3.56701E+11,3.92673E+11,6.28487E+11,4.45951E+11,4.48462E+11,5.06548E+11,7.06494E+11,9.3211E+11,1.23714E+12,1.745E+12,1.50283E+12,1.33285E+12,1.40484E+12,1.47388E+12,1.34797E+12,1.32358E+12,1.34379E+12,1.09607E+12,1.15337E+12,1.28015E+12,1.37365E+12,1.43257E+12,1.01051E+12,,
Central Europe and the Baltics,CEB,"Stocks traded, total value (current US$)",CM.MKT.TRAD.CD,,,,,,,,,,,,,,,,,,,,,,,,,,,,,,,,,,2231100000,7340700000,7009000000,15174890000,16632600000,16593780000,16504570000,29137080000,16256940000,18499800000,28202350000,54909310000,86248090000,1.19504E+11,1.92169E+11,1.18663E+11,1.15277E+11,1.21881E+11,1.14468E+11,92114060000,99088760000,78472250000,62616090000,55796557459,81569124000,67695136406,61755780000,1.02578E+11,,
Switzerland,CHE,"Stocks traded, total value (current US$)",CM.MKT.TRAD.CD,,,,,,,,,,,,,,,,31659000000,43140000000,36001110000,42907390000,69497400000,79167200000,74911900000,,1.26769E+11,1.30547E+11,2.14596E+11,1.30547E+11,4.2677E+11,3.88574E+11,4.1378E+11,4.00523E+11,73511430000,72399770000,1.87135E+11,2.55674E+11,3.19117E+11,4.15206E+11,5.40289E+11,6.88088E+11,4.65251E+11,6.34098E+11,5.86595E+11,4.90762E+11,4.48672E+11,43853810000,56648390000,81267490000,1.25926E+12,1.41277E+12,7.70619E+11,8.75368E+11,8.27907E+11,5.91987E+11,6.99585E+11,7.34058E+11,9.55219E+11,8.37238E+11,9.48337E+11,9.38346E+11,9.65704E+11,1.3077E+12,,
Channel Islands,CHI,"Stocks traded, total value (current US$)",CM.MKT.TRAD.CD,,,,,,,,,,,,,,,,,,,,,,,,,,,,,,,,,,,,,,,,73500000,34460000,59800000,46990000,8470000,12520000,2750000,780000,100000,,,,,,,,,,,,,,,
Chile,CHL,"Stocks traded, total value (current US$)",CM.MKT.TRAD.CD,,,,,,,,,,,,,,,,,,,,,753000000,449000000,221000000,107000000,100000000,144000000,755000000,1266000000,1525000000,1879000000,1577000000,1768840000,1921160000,2641310000,5298300000,11086000000,1078430000,7427600000,4299050000,6521940000,5763660000,4071120000,2661800000,7562670000,13081570000,20450590000,27812170000,45162640000,28872350000,37034010000,57925320000,51266630000,46491890000,41226990000,27130870000,19674570000,23973143324,38092071235,43564837993,36732170000,39727610000,,
China,CHN,"Stocks traded, total value (current US$)",CM.MKT.TRAD.CD,,,,,,,,,,,,,,,,,,,,,,,,,,,,,,,,,,39965300000,68172600000,77528800000,3.07739E+11,3.71055E+11,2.8439E+11,,7.52583E+11,4.6278E+11,3.38208E+11,3.88002E+11,5.11496E+11,3.92367E+11,1.15899E+12,6.30545E+12,3.90506E+12,7.83078E+12,8.25774E+12,6.67398E+12,5.0272E+12,7.69598E+12,1.19593E+13,3.9326E+13,1.82951E+13,1.72233E+13,1.30706E+13,1.82477E+13,3.15807E+13,,
Cote d'Ivoire,CIV,"Stocks traded, total value (current US$)",CM.MKT.TRAD.CD,,,,,,,,,,,,,,,,,,,,,,,,,,,,,,,,,,,,,,,19020000,75420000,32990000,8600000,17490000,24310000,50170000,34960000,107040000,164360000,291860000,240600000,227010000,116580000,174200000,367370000,398980000,521850000,,,,150790000,169100000,,
Cameroon,CMR,"Stocks traded, total value (current US$)",CM.MKT.TRAD.CD,,,,,,,,,,,,,,,,,,,,,,,,,,,,,,,,,,,,,,,,,,,,,,,,,,,,,,,,,,,,,,,
"Congo, Dem. Rep.",COD,"Stocks traded, total value (current US$)",CM.MKT.TRAD.CD,,,,,,,,,,,,,,,,,,,,,,,,,,,,,,,,,,,,,,,,,,,,,,,,,,,,,,,,,,,,,,,
"Congo, Rep.",COG,"Stocks traded, total value (current US$)",CM.MKT.TRAD.CD,,,,,,,,,,,,,,,,,,,,,,,,,,,,,,,,,,,,,,,,,,,,,,,,,,,,,,,,,,,,,,,
Colombia,COL,"Stocks traded, total value (current US$)",CM.MKT.TRAD.CD,,,,,,,,,,,,,,,,,,,,,357000000,490000000,124000000,62000000,54000000,43000000,52000000,105000000,95000000,101000000,108000000,358000000,828000000,908000000,2633000000,1202000000,2557000000,2389000000,3263000000,1382000000,1179000000,784000000,1031000000,805800000,2079600000,9548720000,15617180000,17247590000,18034040000,19849620000,22697170000,25946340000,32202940000,20409200000,17216000000,11586530000,14167836236,13865382953,13662415355,13904860000,10000100000,,
Comoros,COM,"Stocks traded, total value (current US$)",CM.MKT.TRAD.CD,,,,,,,,,,,,,,,,,,,,,,,,,,,,,,,,,,,,,,,,,,,,,,,,,,,,,,,,,,,,,,,
Cabo Verde,CPV,"Stocks traded, total value (current US$)",CM.MKT.TRAD.CD,,,,,,,,,,,,,,,,,,,,,,,,,,,,,,,,,,,,,,,,,,,,,,,,,,,,,,,,,,,,,,,
Costa Rica,CRI,"Stocks traded, total value (current US$)",CM.MKT.TRAD.CD,,,,,,,,,,,,,,,,,,,,,,,,,,,,,,,,,,11000000,21700000,15740000,13510000,17250000,32360000,208320000,,,,114900000,37580000,21900000,61830000,71690000,54460000,31340000,41350000,36830000,33600000,66100000,121660000,51860000,35960000,55370000,46230000,36600000,30280000,,
Caribbean small states,CSS,"Stocks traded, total value (current US$)",CM.MKT.TRAD.CD,,,,,,,,,,,,,,,,,,,,,,,,,,,,,,,,,,,,,,,,,,,,,,,,,,,,,,,,,,,,,,,
Cuba,CUB,"Stocks traded, total value (current US$)",CM.MKT.TRAD.CD,,,,,,,,,,,,,,,,,,,,,,,,,,,,,,,,,,,,,,,,,,,,,,,,,,,,,,,,,,,,,,,
Curacao,CUW,"Stocks traded, total value (current US$)",CM.MKT.TRAD.CD,,,,,,,,,,,,,,,,,,,,,,,,,,,,,,,,,,,,,,,,,,,,,,,,,,,,,,,,,,,,,,,
Cayman Islands,CYM,"Stocks traded, total value (current US$)",CM.MKT.TRAD.CD,,,,,,,,,,,,,,,,,,,,,,,,,,,,,,,,,,,,,,,,,,,,,,,1580000,5800000,1400000,1900000,1000000,2540000,2540000,,,500000,,,9800000,3540000,1300000,,
Cyprus,CYP,"Stocks traded, total value (current US$)",CM.MKT.TRAD.CD,,,,,,,,,,,,,,,,,,,,,,,,,,,,,,,,,,28100000,88200000,296700000,458500000,402500000,700300000,6409000000,9541300000,3148800000,668000000,310300000,264700000,472800000,3146500000,4464700000,1794400000,1761280000,742500000,449200000,294610000,41220000,56610000,130900000,74231207.29,69126963.59,55762847.66,56020000,38970000,,
Czechia,CZE,"Stocks traded, total value (current US$)",CM.MKT.TRAD.CD,,,,,,,,,,,,,,,,,,,,,,,,,,,,,,,,,,237500000,1527300000,2744870000,6329680000,5712390000,4725690000,3933790000,6650030000,3448100000,5922260000,8768390000,18009920000,34340240000,28778550000,37788550000,32280700000,26637000000,22077000000,20608000000,17535000000,12269000000,10777000000,,,,,,4228900000,,
Germany,DEU,"Stocks traded, total value (current US$)",CM.MKT.TRAD.CD,,,,,,,,,,,,,,,,10495060000,10564960000,13172000000,18804000000,14821250000,14148550000,13701440000,14795290000,30886260000,26907560000,85608420000,1.51831E+11,4.24407E+11,3.45321E+11,3.48053E+11,5.42482E+11,4.37577E+11,4.30084E+11,5.29577E+11,6.03703E+11,5.80135E+11,1.4981E+11,9.88221E+11,1.46873E+12,1.30849E+12,1.82724E+12,1.30105E+12,8.71757E+11,1.01728E+12,1.1813E+12,1.28807E+12,1.95084E+12,3.25484E+12,4.18964E+12,1.78779E+12,1.49466E+12,1.5736E+12,1.24995E+12,1.31261E+12,1.26907E+12,1.44461E+12,1.12411E+12,1.5586E+12,1.61615E+12,1.35033E+12,1.81409E+12,,
Djibouti,DJI,"Stocks traded, total value (current US$)",CM.MKT.TRAD.CD,,,,,,,,,,,,,,,,,,,,,,,,,,,,,,,,,,,,,,,,,,,,,,,,,,,,,,,,,,,,,,,
Dominica,DMA,"Stocks traded, total value (current US$)",CM.MKT.TRAD.CD,,,,,,,,,,,,,,,,,,,,,,,,,,,,,,,,,,,,,,,,,,,,,,,,,,,,,,,,,,,,,,,
Denmark,DNK,"Stocks traded, total value (current US$)",CM.MKT.TRAD.CD,,,,,,,,,,,,,,,,54000000,65000000,49000000,62000000,62890000,54560000,56930000,55820000,168030000,159420000,1505520000,2055870000,2145550000,5000290000,13998180000,11894040000,10036490000,15204790000,20028360000,25793870000,26206400000,33809000000,43861170000,67133470000,55562340000,89909810000,66026060000,32507890000,43877390000,68190070000,,,,,,,,,,,,,,,,,,
Dominican Republic,DOM,"Stocks traded, total value (current US$)",CM.MKT.TRAD.CD,,,,,,,,,,,,,,,,,,,,,,,,,,,,,,,,,,,,,,,,,,,,,,,,,,,,,,,,,,,,,,,
Algeria,DZA,"Stocks traded, total value (current US$)",CM.MKT.TRAD.CD,,,,,,,,,,,,,,,,,,,,,,,,,,,,,,,,,,,,,,,,,,,,,,,,,,,,,,,,,,,,,,,
East Asia & Pacific (excluding high income),EAP,"Stocks traded, total value (current US$)",CM.MKT.TRAD.CD,,,,,,,,,,,,,,,,,,,,,,,,,,,,,,,,,,1.56912E+11,1.86872E+11,2.25613E+11,3.98008E+11,4.73647E+11,3.57049E+11,,8.44702E+11,5.27516E+11,4.19749E+11,5.53471E+11,7.0774E+11,5.6006E+11,1.37465E+12,6.69204E+12,4.19187E+12,8.17167E+12,8.75255E+12,7.16401E+12,5.51732E+12,8.34547E+12,1.25755E+13,3.9846E+13,1.88717E+13,1.78709E+13,1.37792E+13,1.89029E+13,3.25313E+13,,
Early-demographic dividend,EAR,"Stocks traded, total value (current US$)",CM.MKT.TRAD.CD,,,,,,,,,,,,,,,,,,,,,,,,,,,,,,,,,,,,,2.17792E+11,2.53394E+11,2.19563E+11,2.7751E+11,8.93986E+11,4.76311E+11,4.05225E+11,6.55959E+11,1.34342E+12,2.19794E+12,2.84217E+12,2.89431E+12,2.44552E+12,2.30326E+12,2.37533E+12,1.98306E+12,2.0889E+12,1.97155E+12,2.33E+12,2.14145E+12,2.14352E+12,2.58361E+12,2.54758E+12,2.53791E+12,4.44469E+12,,
East Asia & Pacific,EAS,"Stocks traded, total value (current US$)",CM.MKT.TRAD.CD,,,,,,,,,,,,,,,,61867610000,94157480000,1.04638E+11,1.95325E+11,1.73104E+11,2.05587E+11,2.88876E+11,1.93817E+11,3.12817E+11,3.57912E+11,4.9038E+11,1.24359E+12,2.29757E+12,2.99536E+12,3.82833E+12,2.45419E+12,1.62742E+12,1.19299E+12,1.90632E+12,2.58044E+12,2.19237E+12,2.61605E+12,3.51303E+12,2.914E+12,4.39355E+12,5.43555E+12,3.68642E+12,3.97005E+12,4.78876E+12,6.61888E+12,7.91901E+12,1.09086E+13,2.02509E+13,1.51435E+13,1.73238E+13,1.87183E+13,1.72181E+13,1.3446E+13,1.88116E+13,2.18925E+13,5.10143E+13,2.87744E+13,2.97389E+13,2.69578E+13,2.9768E+13,5.02986E+13,,
Europe & Central Asia (excluding high income),ECA,"Stocks traded, total value (current US$)",CM.MKT.TRAD.CD,,,,,,,,,,,,,,,,,,,,,,,,,,,,,,,,,,,,,,,,,,94041790000,1.1595E+11,1.78967E+11,2.67168E+11,3.50114E+11,8.15059E+11,1.62106E+12,1.38257E+12,8.28543E+11,9.14201E+11,9.17812E+11,7.01636E+11,6.11671E+11,5.30695E+11,4.69701E+11,4.22159E+11,5.23645E+11,5.18278E+11,5.28882E+11,1.1458E+12,,
Europe & Central Asia,ECS,"Stocks traded, total value (current US$)",CM.MKT.TRAD.CD,,,,,,,,,,,,,,,,92212070000,91831930000,81871110000,1.06237E+11,1.31853E+11,1.55872E+11,1.50525E+11,69768350000,2.35083E+11,2.43005E+11,4.49781E+11,5.67381E+11,1.5343E+12,1.22781E+12,1.40979E+12,1.62013E+12,1.15492E+12,1.1368E+12,1.58507E+12,2.01048E+12,2.16041E+12,2.11704E+12,3.83709E+12,5.73965E+12,6.75126E+12,9.75679E+12,8.15336E+12,5.62919E+12,6.47065E+12,7.73613E+12,7.79754E+12,1.2021E+13,2.02543E+13,1.70656E+13,1.08387E+13,1.10389E+13,1.06842E+13,8.54009E+12,7.98061E+12,9.99638E+12,,,,,,,,
Ecuador,ECU,"Stocks traded, total value (current US$)",CM.MKT.TRAD.CD,,,,,,,,,,,,,,,,,,,,,,,,,,,,,,,,,,,71300000,112500000,70200000,62200000,9400000,18300000,18300000,4800000,13200000,,,,,,,,,,,,,,,,,,,,
"Egypt, Arab Rep.",EGY,"Stocks traded, total value (current US$)",CM.MKT.TRAD.CD,,,,,,,,,,,,,,,,,,,,,,,,,,,,,,,,,,,,,,,,,,,,,,,48363770000,61517870000,95826680000,74374270000,37215400000,15897550000,17093390000,12735110000,26440980000,14760100000,10080164454,14428816885,14477615046,11164640000,16081080000,,
Euro area,EMU,"Stocks traded, total value (current US$)",CM.MKT.TRAD.CD,,,,,,,,,,,,,,,,24990070000,24425930000,26086000000,43210000000,34658670000,38945300000,38948210000,32266350000,54816680000,53348920000,1.44397E+11,3.03151E+11,6.49097E+11,5.16157E+11,6.33451E+11,8.72974E+11,6.96107E+11,6.74428E+11,8.85234E+11,1.1198E+12,1.13278E+12,8.65104E+11,2.15986E+12,3.62848E+12,4.45748E+12,6.56458E+12,5.1449E+12,3.70027E+12,4.27248E+12,5.2713E+12,5.43436E+12,7.96235E+12,1.28361E+13,1.11471E+13,6.1108E+12,5.70354E+12,5.60563E+12,4.56526E+12,4.80009E+12,6.19461E+12,3.82266E+12,,,,,,,
Eritrea,ERI,"Stocks traded, total value (current US$)",CM.MKT.TRAD.CD,,,,,,,,,,,,,,,,,,,,,,,,,,,,,,,,,,,,,,,,,,,,,,,,,,,,,,,,,,,,,,,
Spain,ESP,"Stocks traded, total value (current US$)",CM.MKT.TRAD.CD,,,,,,,,,,,,,,,,1807000000,1962000000,,2148000000,1119220000,887760000,1536270000,1206910000,1189500000,2285720000,3731060000,15808470000,40861730000,26273780000,39543850000,45237610000,48194420000,38079680000,45389680000,69287400000,65931590000,1.03558E+11,1.9014E+11,3.76135E+11,1.02585E+12,1.58355E+12,1.49041E+12,4.53548E+11,6.1832E+11,8.60943E+11,9.81438E+11,1.4985E+12,2.2784E+12,1.72712E+12,1.27801E+12,1.37427E+12,1.12759E+12,8.64383E+11,9.14963E+11,9.91721E+11,9.78396E+11,6.46295E+11,7.3435E+11,6.23691E+11,5.00184E+11,4.89373E+11,,
Estonia,EST,"Stocks traded, total value (current US$)",CM.MKT.TRAD.CD,,,,,,,,,,,,,,,,,,,,,,,,,,,,,,,,,,,,,,,691000000,280400000,332100000,258300000,230600000,615200000,899200000,,,,,,,,,,,,,,,,,,
Ethiopia,ETH,"Stocks traded, total value (current US$)",CM.MKT.TRAD.CD,,,,,,,,,,,,,,,,,,,,,,,,,,,,,,,,,,,,,,,,,,,,,,,,,,,,,,,,,,,,,,,
European Union,EUU,"Stocks traded, total value (current US$)",CM.MKT.TRAD.CD,,,,,,,,,,,,,,,,25153070000,24616930000,26509000000,43696000000,36783860000,40796260000,42674640000,36936370000,64832110000,61978540000,1.56702E+11,3.22131E+11,6.70831E+11,5.39819E+11,6.65484E+11,9.00533E+11,7.26761E+11,7.185E+11,9.48098E+11,1.24083E+12,1.26414E+12,1.04144E+12,2.3702E+12,3.90938E+12,4.74272E+12,7.06091E+12,5.52472E+12,3.93462E+12,4.54077E+12,5.70112E+12,5.52007E+12,8.0807E+12,1.30253E+13,1.12644E+13,6.22487E+12,5.82462E+12,5.71913E+12,4.65689E+12,4.89871E+12,6.27234E+12,,,,,,,,
Fragile and conflict affected situations,FCS,"Stocks traded, total value (current US$)",CM.MKT.TRAD.CD,,,,,,,,,,,,,,,,,,,,,,,,,,,,,,,,,,,,,,,,,,,,,,,,,,,,,,,,,,,,,,,
Finland,FIN,"Stocks traded, total value (current US$)",CM.MKT.TRAD.CD,,,,,,,,,,,,,,,,,,,,,,,137600000,239160000,384000000,574030000,1976180000,6735730000,7099740000,7784920000,4138690000,1513030000,1958120000,7809610000,13296000000,19206500000,4532410000,34654130000,63595810000,1.05066E+11,2.1066E+11,1.79015E+11,1.43783E+11,1.42324E+11,1.88759E+11,,,,,,,,,,,,,,,,,,
Fiji,FJI,"Stocks traded, total value (current US$)",CM.MKT.TRAD.CD,,,,,,,,,,,,,,,,,,,,,,,,,,,,,,,,,,,,,,,,,,,,,,,,,,,,,,,,,,,,,,,
France,FRA,"Stocks traded, total value (current US$)",CM.MKT.TRAD.CD,,,,,,,,,,,,,,,,5644990000,4013970000,3488000000,9519000000,9431940000,9418460000,7945300000,7161340000,7619230000,7006760000,17435720000,55352670000,89407880000,64377790000,1.10818E+11,1.22116E+11,1.23464E+11,1.16744E+11,1.60584E+11,2.05529E+11,2.11257E+11,2.69928E+11,3.93447E+11,6.03976E+11,7.23606E+11,1.0803E+12,9.80888E+11,1.03255E+12,1.10302E+12,1.32374E+12,1.27146E+12,2.01558E+12,2.89576E+12,2.40598E+12,1.28411E+12,1.35017E+12,1.32996E+12,1.07448E+12,1.10552E+12,1.16862E+12,1.32836E+12,,,,,,,
Faroe Islands,FRO,"Stocks traded, total value (current US$)",CM.MKT.TRAD.CD,,,,,,,,,,,,,,,,,,,,,,,,,,,,,,,,,,,,,,,,,,,,,,,,,,,,,,,,,,,,,,,
"Micronesia, Fed. Sts.",FSM,"Stocks traded, total value (current US$)",CM.MKT.TRAD.CD,,,,,,,,,,,,,,,,,,,,,,,,,,,,,,,,,,,,,,,,,,,,,,,,,,,,,,,,,,,,,,,
Gabon,GAB,"Stocks traded, total value (current US$)",CM.MKT.TRAD.CD,,,,,,,,,,,,,,,,,,,,,,,,,,,,,,,,,,,,,,,,,,,,,,,,,,,,,,,,,,,,,,,
United Kingdom,GBR,"Stocks traded, total value (current US$)",CM.MKT.TRAD.CD,,,,,,,,,,,,,,,,35400000000,24075000000,19361000000,19634000000,25571600000,35824600000,32839200000,32744600000,42575800000,48283100000,76355610000,1.13003E+11,4.27051E+11,2.94598E+11,3.175E+11,3.04246E+11,3.33762E+11,3.28433E+11,4.17198E+11,4.74107E+11,5.01733E+11,5.88675E+11,8.3689E+11,1.0447E+12,1.42379E+12,1.83338E+12,1.89394E+12,1.04757E+12,1.24571E+12,1.62128E+12,1.7299E+12,2.7633E+12,3.9477E+12,2.73556E+12,2.80747E+12,3.21316E+12,3.03497E+12,2.47037E+12,1.67505E+12,2.35702E+12,,,,,,,,
Georgia,GEO,"Stocks traded, total value (current US$)",CM.MKT.TRAD.CD,,,,,,,,,,,,,,,,,,,,,,,,,,,,,,,,,,,,,,,,,,,,,,,,,,,,,,,,,,,,,,,
Ghana,GHA,"Stocks traded, total value (current US$)",CM.MKT.TRAD.CD,,,,,,,,,,,,,,,,,,,,,,,,,,,,,,,,,,4100000,69000000,18850000,16150000,41310000,57270000,19890000,6960000,12500000,10000000,43990000,72880000,51000000,51600000,145400000,286800000,51800000,101800000,254100000,51000000,192900000,,,,,,,32660000,,
Gibraltar,GIB,"Stocks traded, total value (current US$)",CM.MKT.TRAD.CD,,,,,,,,,,,,,,,,,,,,,,,,,,,,,,,,,,,,,,,,,,,,,,,,,,,,,,,,,,,,,,,
Guinea,GIN,"Stocks traded, total value (current US$)",CM.MKT.TRAD.CD,,,,,,,,,,,,,,,,,,,,,,,,,,,,,,,,,,,,,,,,,,,,,,,,,,,,,,,,,,,,,,,
"Gambia, The",GMB,"Stocks traded, total value (current US$)",CM.MKT.TRAD.CD,,,,,,,,,,,,,,,,,,,,,,,,,,,,,,,,,,,,,,,,,,,,,,,,,,,,,,,,,,,,,,,
Guinea-Bissau,GNB,"Stocks traded, total value (current US$)",CM.MKT.TRAD.CD,,,,,,,,,,,,,,,,,,,,,,,,,,,,,,,,,,,,,,,,,,,,,,,,,,,,,,,,,,,,,,,
Equatorial Guinea,GNQ,"Stocks traded, total value (current US$)",CM.MKT.TRAD.CD,,,,,,,,,,,,,,,,,,,,,,,,,,,,,,,,,,,,,,,,,,,,,,,,,,,,,,,,,,,,,,,
Greece,GRC,"Stocks traded, total value (current US$)",CM.MKT.TRAD.CD,,,,,,,,,,,,,,,,,,,,,291000000,189000000,132000000,64000000,48000000,71000000,107000000,1202000000,832000000,1429000000,7977000000,4785000000,2755000000,5037000000,5008500000,5950100000,8234400000,21136600000,50019500000,1.83895E+11,91619800000,37130260000,20448960000,33877540000,39892350000,49161710000,86545360000,1.21524E+11,81801420000,59313130000,40642980000,22978960000,15077480000,24010790000,33050380000,17942840000,12224003417,15211933446,11885383999,15426070000,16482780000,,
Grenada,GRD,"Stocks traded, total value (current US$)",CM.MKT.TRAD.CD,,,,,,,,,,,,,,,,,,,,,,,,,,,,,,,,,,,,,,,,,,,,,,,,,,,,,,,,,,,,,,,
Greenland,GRL,"Stocks traded, total value (current US$)",CM.MKT.TRAD.CD,,,,,,,,,,,,,,,,,,,,,,,,,,,,,,,,,,,,,,,,,,,,,,,,,,,,,,,,,,,,,,,
Guatemala,GTM,"Stocks traded, total value (current US$)",CM.MKT.TRAD.CD,,,,,,,,,,,,,,,,,,,,,,,,,,,,,,,,,,,,,,,,,,,,,,,,,,,,,,,,,,,,,,,
Guam,GUM,"Stocks traded, total value (current US$)",CM.MKT.TRAD.CD,,,,,,,,,,,,,,,,,,,,,,,,,,,,,,,,,,,,,,,,,,,,,,,,,,,,,,,,,,,,,,,
Guyana,GUY,"Stocks traded, total value (current US$)",CM.MKT.TRAD.CD,,,,,,,,,,,,,,,,,,,,,,,,,,,,,,,,,,,,,,,,,,,,,,,,,,,,,,,,,,,,,,,
High income,HIC,"Stocks traded, total value (current US$)",CM.MKT.TRAD.CD,,,,,,,,,,,,,,,,2.9657E+11,3.65679E+11,3.5905E+11,5.37566E+11,5.95506E+11,7.96035E+11,8.78659E+11,7.91111E+11,1.37346E+12,1.7319E+12,2.44477E+12,4.04763E+12,6.78884E+12,6.2428E+12,7.64928E+12,6.15188E+12,4.96384E+12,4.84636E+12,6.92051E+12,8.22009E+12,9.46478E+12,1.15572E+13,1.64949E+13,2.09314E+13,3.0194E+13,4.46281E+13,3.25913E+13,2.66172E+13,2.72691E+13,3.37571E+13,4.27942E+13,5.4156E+13,7.77024E+13,7.61618E+13,5.53507E+13,5.79381E+13,6.28218E+13,5.01359E+13,5.29326E+13,5.99508E+13,5.92244E+13,5.64111E+13,5.68501E+13,5.14111E+13,3.88936E+13,,,
"Hong Kong SAR, China",HKG,"Stocks traded, total value (current US$)",CM.MKT.TRAD.CD,,,,,,,,,,,,,,,,484000000,646000000,327870000,408440000,1073940000,777050000,,,,,,15316600000,45408110000,23422710000,34582330000,34583770000,38525460000,78452650000,1.32114E+11,1.25746E+11,95588900000,1.66244E+11,4.53035E+11,2.05946E+11,2.27669E+11,3.72996E+11,2.38191E+11,1.78938E+11,2.7285E+11,4.03728E+11,4.21195E+11,7.55545E+11,2.01582E+12,1.56821E+12,1.41327E+12,1.48759E+12,1.43695E+12,1.07673E+12,1.267E+12,1.45094E+12,2.06867E+12,1.3511E+12,1.95313E+12,2.26677E+12,1.82224E+12,3.06936E+12,,
Honduras,HND,"Stocks traded, total value (current US$)",CM.MKT.TRAD.CD,,,,,,,,,,,,,,,,,,,,,,,,,,,,,,,,,,,,,,,,,,,,,,,,,,,,,,,,,,,,,,,
Heavily indebted poor countries (HIPC),HPC,"Stocks traded, total value (current US$)",CM.MKT.TRAD.CD,,,,,,,,,,,,,,,,,,,,,,,,,,,,,,,,,,,,,,,,,,,,,,,,,,,,,,,,,,,,,,,
Croatia,HRV,"Stocks traded, total value (current US$)",CM.MKT.TRAD.CD,,,,,,,,,,,,,,,,,,,,,,,,,,,,,,,,,,13200000,13200000,308000000,178720000,242360000,100040000,68810000,189230000,115900000,160170000,246530000,464980000,756920000,1876170000,4386100000,3215960000,1461890000,1049850000,926790000,542700000,553800000,490100000,423780000,317770000,432312165.7,247128709.8,328510000,,,
Haiti,HTI,"Stocks traded, total value (current US$)",CM.MKT.TRAD.CD,,,,,,,,,,,,,,,,,,,,,,,,,,,,,,,,,,,,,,,,,,,,,,,,,,,,,,,,,,,,,,,
Hungary,HUN,"Stocks traded, total value (current US$)",CM.MKT.TRAD.CD,,,,,,,,,,,,,,,,,,,,,,,,,,,,,,,,,,,,,,,,,,,6642220000,8862590000,14269590000,22164080000,30986590000,47286400000,27563770000,27205900000,26466460000,15651910000,10963360000,10822660000,7113710000,7440530000,7812418044,10382730752,9889918212,8668020000,11302390000,,
IBRD only,IBD,"Stocks traded, total value (current US$)",CM.MKT.TRAD.CD,,,,,,,,,,,,,,,,,,,,,,,,,,,,,,,,,,3.39484E+11,4.93528E+11,4.61642E+11,6.70995E+11,8.98322E+11,7.2423E+11,,1.78266E+12,1.0512E+12,8.59052E+11,1.18784E+12,1.65457E+12,1.82612E+12,3.55441E+12,1.07093E+13,7.73288E+12,1.12886E+13,1.22565E+13,1.01757E+13,8.22466E+12,1.08705E+13,1.5055E+13,4.19971E+13,2.13066E+13,2.09305E+13,1.69211E+13,2.23175E+13,3.79974E+13,,
IDA & IBRD total,IBT,"Stocks traded, total value (current US$)",CM.MKT.TRAD.CD,,,,,,,,,,,,,,,,,,,,,,,,,,,,,,,,,,3.39972E+11,4.94687E+11,4.62179E+11,6.78106E+11,9.10722E+11,7.35352E+11,,1.81482E+12,1.06428E+12,8.59438E+11,1.18884E+12,1.79776E+12,1.96941E+12,3.68562E+12,1.08297E+13,7.79569E+12,1.13148E+13,1.22843E+13,1.01976E+13,8.2451E+12,1.08824E+13,1.50806E+13,4.20178E+13,2.13255E+13,2.09616E+13,1.69409E+13,2.23349E+13,3.80173E+13,,
IDA total,IDA,"Stocks traded, total value (current US$)",CM.MKT.TRAD.CD,,,,,,,,,,,,,,,,,,,,,,,,,,,,,,,,,,,,,,,,,,,,,,,,,,,,,,,,,,,,,,,
IDA blend,IDB,"Stocks traded, total value (current US$)",CM.MKT.TRAD.CD,,,,,,,,,,,,,,,,,,,,,,,,,,,,,,,,,,,,,6180520000,11472270000,9753700000,21186460000,,12661880000,,,1.42261E+11,1.41911E+11,1.29817E+11,1.18373E+11,59805780000,22312560000,17579030000,14499640000,17076900000,8595500000,6752020000,,,,,,,,
Indonesia,IDN,"Stocks traded, total value (current US$)",CM.MKT.TRAD.CD,,,,,,,,,,,,,,,,,,,,,,,,,,,,,,,,,,9088400000,11787500000,14374600000,32438700000,21994720000,12930830000,21161630000,12901770000,9638140000,12387720000,12760430000,21878750000,27858890000,40323050000,94914290000,75849340000,86073390000,1.04452E+11,1.05475E+11,91929370000,98857720000,90721490000,75045300000,90406630407,92513090235,1.04652E+11,1.17889E+11,1.31145E+11,,
IDA only,IDX,"Stocks traded, total value (current US$)",CM.MKT.TRAD.CD,,,,,,,,,,,,,,,,,,,,,,,,,,,,,,,,,,,,,,,,,,,,,,,,,,,,,,,,,,,,,,,
Isle of Man,IMN,"Stocks traded, total value (current US$)",CM.MKT.TRAD.CD,,,,,,,,,,,,,,,,,,,,,,,,,,,,,,,,,,,,,,,,,,,,,,,,,,,,,,,,,,,,,,,
India,IND,"Stocks traded, total value (current US$)",CM.MKT.TRAD.CD,,,,,,,,,,,,,,,,,,,,,,,,,,,,,,,,,,,,,,,,,5.12843E+11,2.48143E+11,1.96913E+11,2.82784E+11,3.77037E+11,4.73719E+11,6.3701E+11,1.09041E+12,1.03726E+12,1.05073E+12,1.06089E+12,7.40661E+11,6.37439E+11,5.70994E+11,7.61435E+11,8.02189E+11,8.08345E+11,1.20481E+12,1.29571E+12,1.28559E+12,1.94532E+12,,
Not classified,INX,"Stocks traded, total value (current US$)",CM.MKT.TRAD.CD,,,,,,,,,,,,,,,,,,,,,,,,,,,,,,,,,,,,,,,,,,,,,,,,,,,,,,,,,,,,,,,
Ireland,IRL,"Stocks traded, total value (current US$)",CM.MKT.TRAD.CD,,,,,,,,,,,,,,,,,,,,,,,,,,,,,,,,,,,,13327400000,11794400000,16003420000,43099750000,45080690000,14714110000,22484200000,3139580000,6103660000,5977030000,7806200000,12079770000,24661110000,17562380000,9880900000,8869570000,8171340000,9374110000,14901120000,16573830000,20929460000,22345510630,28924231097,32083358132,,,,
"Iran, Islamic Rep.",IRN,"Stocks traded, total value (current US$)",CM.MKT.TRAD.CD,,,,,,,,,,,,,,,,153000000,300000000,202000000,449000000,,,,,,,,,,,,,530700000,595850000,211960000,432500000,554560000,1865100000,962190000,871610000,1775020000,4460570000,1567300000,1741100000,3912990000,11257690000,7197880000,4713980000,8146940000,14618110000,16988400000,16987110000,14409330000,15061390000,44305850000,23365970000,8444810000,18689210535,11741666197,26215069786,65963990000,4.6246E+11,,
Iraq,IRQ,"Stocks traded, total value (current US$)",CM.MKT.TRAD.CD,,,,,,,,,,,,,,,,,,,,,,,,,,,,,,,,,,,,,,,,,,,,,,,,,,,,,,,,,,,,,,,
Iceland,ISL,"Stocks traded, total value (current US$)",CM.MKT.TRAD.CD,,,,,,,,,,,,,,,,,,,,,,,,,,,,,,,,,,13200000,19500000,43800000,84900000,180900000,517600000,1571800000,2205400000,1282000000,3963600000,7808700000,11735200000,,,,,,,,,,,,,,,,,,
Israel,ISR,"Stocks traded, total value (current US$)",CM.MKT.TRAD.CD,,,,,,,,,,,,,,,,,,,,621360000,1657730000,3076120000,4802450000,5374800000,622650000,718900000,2095900000,4828200000,2322300000,3740500000,5257320000,8386040000,13095820000,28782030000,25054020000,8789260000,8100000000,13896080000,13820100000,20933460000,28704830000,14989800000,11370200000,17805460000,30280790000,42441080000,63163660000,99551830000,95990440000,79544090000,1.08232E+11,76610440000,50802180000,55578800000,47300530000,56371100000,51823858462,69037746840,62440266667,68468730000,1.04643E+11,,
Italy,ITA,"Stocks traded, total value (current US$)",CM.MKT.TRAD.CD,,,,,,,,,,,,,,,,1637000000,1256000000,866000000,1968000000,3460700000,8573800000,10850100000,2787300000,3871700000,4045400000,13714280000,38351200000,32379400000,31604400000,42033300000,42170000000,23433200000,27632100000,65943300000,1.19347E+11,87085100000,1.02545E+11,2.03132E+11,4.85935E+11,5.35981E+11,9.89554E+11,5.99669E+11,5.7646E+11,7.32471E+11,9.00204E+11,1.05477E+12,1.20895E+12,2.21356E+12,1.38443E+12,9.26817E+11,6.65858E+11,8.46602E+11,7.82606E+11,7.69991E+11,2.05566E+12,,,,,,,,
Jamaica,JAM,"Stocks traded, total value (current US$)",CM.MKT.TRAD.CD,,,,,,,,,,,,,,,,,,,,,,,,,,,,,,,,,,293300000,161400000,97690000,136160000,132210000,55710000,53850000,76300000,124000000,153200000,,,,,,,,,256040000,716400000,71000000,125200000,612930000,407580000,342180000,562590000,784870000,45170000,,
Jordan,JOR,"Stocks traded, total value (current US$)",CM.MKT.TRAD.CD,,,,,,,,,,,,,,,,,,,,,,,,,,,,,,,,,,1325900000,703200000,591000000,350200000,500900000,652200000,548500000,471400000,943400000,1339200000,2616600000,5350200000,23815600000,19557200000,17427100000,27192780000,12905330000,8597360000,3897390000,2729780000,3427410000,3092270000,3554980000,2584523810,2334520770,2363596615,1684920000,1473000000,,
Japan,JPN,"Stocks traded, total value (current US$)",CM.MKT.TRAD.CD,,,,,,,,,,,,,,,,60212610000,92171480000,1.02827E+11,1.94034E+11,1.66261E+11,1.80196E+11,2.56454E+11,1.75098E+11,2.72157E+11,3.20277E+11,4.551E+11,1.156E+12,2.01425E+12,2.54291E+12,2.60924E+12,1.54057E+12,1.03089E+12,6.06282E+11,9.09673E+11,1.06951E+12,1.14439E+12,1.18921E+12,1.04233E+12,1.04548E+12,2.02869E+12,2.48102E+12,1.70195E+12,1.73259E+12,2.32786E+12,3.45769E+12,4.33768E+12,5.49855E+12,6.58583E+12,6.20871E+12,3.86814E+12,4.2703E+12,4.31028E+12,3.34641E+12,6.08317E+12,4.84471E+12,5.57153E+12,5.23024E+12,5.77843E+12,6.30409E+12,5.0976E+12,6.33722E+12,,
Kazakhstan,KAZ,"Stocks traded, total value (current US$)",CM.MKT.TRAD.CD,,,,,,,,,,,,,,,,,,,,,,,,,,,,,,,,,,,,,,,,,,,30000000,438450000,1016410000,1040850000,2438560000,9005240000,3740720000,4265280000,526360000,545740000,1123000000,700900000,861600000,2656490000,741676553.6,785262029.1,1271300312,345400000,391260000,,
Kenya,KEN,"Stocks traded, total value (current US$)",CM.MKT.TRAD.CD,,,,,,,,,,,,,,,,,,,,,,,,,,,,,,,,,,12100000,68600000,59850000,71180000,97490000,74200000,48500000,37800000,39300000,37380000,200000000,283840000,504120000,1364270000,1127770000,742200000,198340000,793530000,917250000,1008100000,1804700000,1010900000,683050000,815820000,,,472010000,484040000,,
Kyrgyz Republic,KGZ,"Stocks traded, total value (current US$)",CM.MKT.TRAD.CD,,,,,,,,,,,,,,,,,,,,,,,,,,,,,,,,,,,,,,,,,,,,,,,,,,,,,,,,,,,,,,,
Cambodia,KHM,"Stocks traded, total value (current US$)",CM.MKT.TRAD.CD,,,,,,,,,,,,,,,,,,,,,,,,,,,,,,,,,,,,,,,,,,,,,,,,,,,,,,,,,,,,,,,
Kiribati,KIR,"Stocks traded, total value (current US$)",CM.MKT.TRAD.CD,,,,,,,,,,,,,,,,,,,,,,,,,,,,,,,,,,,,,,,,,,,,,,,,,,,,,,,,,,,,,,,
St. Kitts and Nevis,KNA,"Stocks traded, total value (current US$)",CM.MKT.TRAD.CD,,,,,,,,,,,,,,,,,,,,,,,,,,,,,,,,,,,,,,,,,,,,,,,,,,,,,,,,,,,,,,,
"Korea, Rep.",KOR,"Stocks traded, total value (current US$)",CM.MKT.TRAD.CD,,,,,,,,,,,,,,,,,,,,2700000000,1866300000,3617700000,2635550000,2203140000,3768630000,4067180000,11142330000,25866350000,84959278000,1.19481E+11,74616040000,82543250000,1.15175E+11,2.10539E+11,2.86829E+11,1.84227E+11,1.77506E+11,1.70826E+11,1.6037E+11,7.64684E+11,4.95366E+11,3.74014E+11,5.80979E+11,4.57214E+11,5.25823E+11,1.19972E+12,1.33927E+12,1.91789E+12,1.18722E+12,1.68546E+12,1.62975E+12,1.93441E+12,1.58467E+12,1.32985E+12,1.2837E+12,1.84373E+12,1.60085E+12,2.01193E+12,2.45574E+12,1.92783E+12,5.19069E+12,,
Kuwait,KWT,"Stocks traded, total value (current US$)",CM.MKT.TRAD.CD,,,,,,,,,,,,,,,,,,,,,,,,,,,,,,,,,,2588200000,1925700000,6173400000,17790000000,32985910000,9270560000,,,1165490000,2230000000,5610000000,48454400000,92368280000,57196160000,,,,,21400000000,21764200000,40330800000,,26892110000,,,,3692900000,13167270000,,
Latin America & Caribbean (excluding high income),LAC,"Stocks traded, total value (current US$)",CM.MKT.TRAD.CD,,,,,,,,,,,,,,,,,,,,,10067320000,11038950000,7074400000,4682350000,9556230000,20139740000,33208230000,20495670000,18139800000,18197120000,25289280000,48322790000,83784230000,1.50308E+11,2.57733E+11,1.5033E+11,1.96915E+11,3.13789E+11,2.3289E+11,2.09772E+11,1.51361E+11,1.2589E+11,68146500000,98380460000,1.6564E+11,2.41951E+11,3.84517E+11,7.93584E+11,6.7983E+11,8.09774E+11,1.04853E+12,9.58575E+11,9.91019E+11,9.29327E+11,7.9642E+11,5.40034E+11,6.94644E+11,7.78768E+11,8.84111E+11,1.14273E+12,1.47067E+12,,
Lao PDR,LAO,"Stocks traded, total value (current US$)",CM.MKT.TRAD.CD,,,,,,,,,,,,,,,,,,,,,,,,,,,,,,,,,,,,,,,,,,,,,,,,,,,,,,,,,,,,,,,
Lebanon,LBN,"Stocks traded, total value (current US$)",CM.MKT.TRAD.CD,,,,,,,,,,,,,,,,,,,,,,,,,,,,,,,,,,,,,67090000,639730000,328350000,86200000,116360000,52600000,117660000,124010000,188230000,902100000,2010570000,967400000,1711280000,1040920000,1877260000,511490000,408000000,156900000,624400000,505220000,902710000,609983808.2,377171476,195970000,232340000,,
Liberia,LBR,"Stocks traded, total value (current US$)",CM.MKT.TRAD.CD,,,,,,,,,,,,,,,,,,,,,,,,,,,,,,,,,,,,,,,,,,,,,,,,,,,,,,,,,,,,,,,
Libya,LBY,"Stocks traded, total value (current US$)",CM.MKT.TRAD.CD,,,,,,,,,,,,,,,,,,,,,,,,,,,,,,,,,,,,,,,,,,,,,,,,,,,,,,,,,,,,,,,
St. Lucia,LCA,"Stocks traded, total value (current US$)",CM.MKT.TRAD.CD,,,,,,,,,,,,,,,,,,,,,,,,,,,,,,,,,,,,,,,,,,,,,,,,,,,,,,,,,,,,,,,
Latin America & Caribbean,LCN,"Stocks traded, total value (current US$)",CM.MKT.TRAD.CD,,,,,,,,,,,,,,,,,,,,,,,,,,,,,,20076120000,26866280000,50091630000,85705390000,1.54609E+11,2.64065E+11,1.61758E+11,1.9929E+11,3.24919E+11,2.38881E+11,2.17306E+11,1.59677E+11,1.3133E+11,70956000000,1.05996E+11,1.78902E+11,2.62558E+11,4.12584E+11,8.39115E+11,7.08995E+11,8.46842E+11,1.10656E+12,1.01029E+12,1.03825E+12,9.70751E+11,8.23808E+11,5.59709E+11,7.18617E+11,8.1686E+11,9.27686E+11,1.17985E+12,1.51061E+12,,
Least developed countries: UN classification,LDC,"Stocks traded, total value (current US$)",CM.MKT.TRAD.CD,,,,,,,,,,,,,,,,,,,,,,,,,,,,,,,,,,,,,,,,,,,,,,,,,,,,,,,,,,,,,,,
Low income,LIC,"Stocks traded, total value (current US$)",CM.MKT.TRAD.CD,,,,,,,,,,,,,,,,,,,,,,,,,,,,,,,,,,,,,,,,,,,,,,,,,,,,,,,,,,,,,,,
Liechtenstein,LIE,"Stocks traded, total value (current US$)",CM.MKT.TRAD.CD,,,,,,,,,,,,,,,,,,,,,,,,,,,,,,,,,,,,,,,,,,,,,,,,,,,,,,,,,,,,,,,
Sri Lanka,LKA,"Stocks traded, total value (current US$)",CM.MKT.TRAD.CD,,,,,,,,,,,,,,,,,,,,,,,,,,,,,,,,,,377500000,695100000,85300000,58900000,309200000,281600000,208460000,133600000,130520000,315460000,720220000,558120000,1079860000,978630000,966270000,968470000,1245300000,4994900000,4795920000,1674450000,1532630000,2598450000,1793280000,1203803239,2400646946,1097423097,942180000,1712700000,,
Lower middle income,LMC,"Stocks traded, total value (current US$)",CM.MKT.TRAD.CD,,,,,,,,,,,,,,,,,,,,,,,,,,,,,,,,,,,,,,,,,5.60574E+11,2.68549E+11,,,5.44188E+11,6.62172E+11,8.61876E+11,1.34624E+12,1.27571E+12,1.23747E+12,1.2172E+12,8.425E+11,7.34223E+11,7.06125E+11,9.16643E+11,9.15285E+11,9.25571E+11,1.34738E+12,1.4449E+12,1.44683E+12,2.53859E+12,,
Low & middle income,LMY,"Stocks traded, total value (current US$)",CM.MKT.TRAD.CD,,,,,,,,,,,,,,,,,,,,,,,,,,,,,,,,,,3.33688E+11,4.83141E+11,4.47678E+11,6.70016E+11,8.91709E+11,7.20269E+11,,1.78598E+12,1.04851E+12,8.53115E+11,1.17304E+12,1.76554E+12,1.92133E+12,3.6013E+12,1.06874E+13,7.71125E+12,1.12184E+13,1.21545E+13,1.00694E+13,8.13535E+12,1.07666E+13,1.49936E+13,4.19436E+13,2.12543E+13,2.08532E+13,1.68403E+13,2.22453E+13,3.78911E+13,,
Lesotho,LSO,"Stocks traded, total value (current US$)",CM.MKT.TRAD.CD,,,,,,,,,,,,,,,,,,,,,,,,,,,,,,,,,,,,,,,,,,,,,,,,,,,,,,,,,,,,,,,
Late-demographic dividend,LTE,"Stocks traded, total value (current US$)",CM.MKT.TRAD.CD,,,,,,,,,,,,,,,,,,,,,,,,,,,,,,,,,,1.8597E+11,2.60618E+11,3.14846E+11,5.01419E+11,7.26566E+11,5.86557E+11,,9.77793E+11,6.54885E+11,5.12427E+11,7.30811E+11,1.02529E+12,1.01942E+12,2.41906E+12,8.80232E+12,6.09764E+12,9.52895E+12,1.0268E+13,8.64665E+12,6.78341E+12,9.40112E+12,1.35804E+13,4.04978E+13,1.96316E+13,1.87577E+13,1.47623E+13,2.01315E+13,3.4235E+13,,
Lithuania,LTU,"Stocks traded, total value (current US$)",CM.MKT.TRAD.CD,,,,,,,,,,,,,,,,,,,,,,,,,,,,,,,,,,,,,,,,,,,,203800000,492900000,,,,,,,,,,,,,,,,,,
Luxembourg,LUX,"Stocks traded, total value (current US$)",CM.MKT.TRAD.CD,,,,,,,,,,,,,,,,,,,,,,,17000000,16010000,20140000,42250000,120310000,125450000,255120000,204500000,197250000,147450000,114210000,211240000,268840000,205310000,514100000,995520000,1548420000,951190000,1222420000,430950000,307290000,283010000,396490000,226700000,240370000,244010000,1790660000,280880000,177820000,122730000,114950000,119540000,110450000,95950000,70425208.81,93543038.42,79466636.15,48700000,47910000,,
Latvia,LVA,"Stocks traded, total value (current US$)",CM.MKT.TRAD.CD,,,,,,,,,,,,,,,,,,,,,,,,,,,,,,,,,,,,20000,11800000,83100000,88700000,43000000,272700000,164100000,188500000,158200000,159200000,,,,,,,,,,,,,,,,,,
"Macao SAR, China",MAC,"Stocks traded, total value (current US$)",CM.MKT.TRAD.CD,,,,,,,,,,,,,,,,,,,,,,,,,,,,,,,,,,,,,,,,,,,,,,,,,,,,,,,,,,,,,,,
St. Martin (French part),MAF,"Stocks traded, total value (current US$)",CM.MKT.TRAD.CD,,,,,,,,,,,,,,,,,,,,,,,,,,,,,,,,,,,,,,,,,,,,,,,,,,,,,,,,,,,,,,,
Morocco,MAR,"Stocks traded, total value (current US$)",CM.MKT.TRAD.CD,,,,,,,,,,,,,,,,,,,,,,,,,,,,,,,,,,488000000,812700000,2446200000,2070600000,3167000000,5206900000,8365000000,3155900000,1733700000,998900000,2578500000,3928700000,7890600000,9859300000,23172000000,13766900000,7913100000,6098300000,4092520000,3492990000,3236760000,3039870000,2919000000,3177675708,4227434947,3901624196,3260540000,3608980000,,
Monaco,MCO,"Stocks traded, total value (current US$)",CM.MKT.TRAD.CD,,,,,,,,,,,,,,,,,,,,,,,,,,,,,,,,,,,,,,,,,,,,,,,,,,,,,,,,,,,,,,,
Moldova,MDA,"Stocks traded, total value (current US$)",CM.MKT.TRAD.CD,,,,,,,,,,,,,,,,,,,,,,,,,,,,,,,,,,,,,,,,,,,,,,,,,,,,,,,,,,,,,,,
Madagascar,MDG,"Stocks traded, total value (current US$)",CM.MKT.TRAD.CD,,,,,,,,,,,,,,,,,,,,,,,,,,,,,,,,,,,,,,,,,,,,,,,,,,,,,,,,,,,,,,,
Maldives,MDV,"Stocks traded, total value (current US$)",CM.MKT.TRAD.CD,,,,,,,,,,,,,,,,,,,,,,,,,,,,,,,,,,,,,,,,,,,,,,,,,,,,,,,,,,,,,,,
Middle East & North Africa,MEA,"Stocks traded, total value (current US$)",CM.MKT.TRAD.CD,,,,,,,,,,,,,,,,,,,,,,,,,,,,,,,,,,,,,,,,,,,,,,,1.65388E+12,9.78959E+11,9.03563E+11,6.25748E+11,4.32193E+11,4.70275E+11,6.64371E+11,5.49848E+11,8.77876E+11,6.36402E+11,4.65374E+11,3.86784E+11,3.87102E+11,4.2066E+11,1.14966E+12,,
Mexico,MEX,"Stocks traded, total value (current US$)",CM.MKT.TRAD.CD,,,,,,,,,,,,,,,,,,,1336000000,4113270000,3219620000,4181000000,782100000,935950000,1835230000,3042600000,4007450000,10419890000,7672070000,13547450000,18537610000,31648500000,44155420000,62595530000,57168360000,34191800000,43122900000,51705040000,27960160000,34930700000,44700320000,53088620000,25436580000,23082300000,44231400000,54486860000,81840850000,1.1792E+11,84860570000,77556620000,1.1112E+11,99789260000,1.19687E+11,1.63692E+11,1.28035E+11,1.03654E+11,1.11895E+11,1.09071E+11,93796621058,84702670000,82700820000,,
Marshall Islands,MHL,"Stocks traded, total value (current US$)",CM.MKT.TRAD.CD,,,,,,,,,,,,,,,,,,,,,,,,,,,,,,,,,,,,,,,,,,,,,,,,,,,,,,,,,,,,,,,
Middle income,MIC,"Stocks traded, total value (current US$)",CM.MKT.TRAD.CD,,,,,,,,,,,,,,,,,,,,,,,,,,,,,,,,,,3.33688E+11,4.83141E+11,4.47678E+11,6.70016E+11,8.91709E+11,7.20269E+11,,1.78598E+12,1.04851E+12,8.53115E+11,1.17304E+12,1.76554E+12,1.92133E+12,3.6013E+12,1.06874E+13,7.71125E+12,1.12184E+13,1.21545E+13,1.00694E+13,8.13535E+12,1.07666E+13,1.49936E+13,4.19436E+13,2.12543E+13,2.08532E+13,1.68403E+13,2.22453E+13,3.78911E+13,,
North Macedonia,MKD,"Stocks traded, total value (current US$)",CM.MKT.TRAD.CD,,,,,,,,,,,,,,,,,,,,,,,,,,,,,,,,,,,,,,,,,,,,,,,,,,,,,,,,,,,,,,,
Mali,MLI,"Stocks traded, total value (current US$)",CM.MKT.TRAD.CD,,,,,,,,,,,,,,,,,,,,,,,,,,,,,,,,,,,,,,,,,,,,,,,,,,,,,,,,,,,,,,,
Malta,MLT,"Stocks traded, total value (current US$)",CM.MKT.TRAD.CD,,,,,,,,,,,,,,,,,,,,,,,,,,,,,,,,,,,,,,,35420000,52700000,185910000,48860000,54850000,51110000,100660000,139480000,270520000,94590000,68090000,36470000,48560000,48770000,44090000,67360000,61460000,88800000,73870539.1,105439585.2,98752432.18,100450000,71670000,,
Myanmar,MMR,"Stocks traded, total value (current US$)",CM.MKT.TRAD.CD,,,,,,,,,,,,,,,,,,,,,,,,,,,,,,,,,,,,,,,,,,,,,,,,,,,,,,,,,,,,,,,
Middle East & North Africa (excluding high income),MNA,"Stocks traded, total value (current US$)",CM.MKT.TRAD.CD,,,,,,,,,,,,,,,,,,,,,,,,,,,,,,,,,,,,,,,,,,,,,,,,,,,,40161400000,,,,,35880244506,,,,,,
Montenegro,MNE,"Stocks traded, total value (current US$)",CM.MKT.TRAD.CD,,,,,,,,,,,,,,,,,,,,,,,,,,,,,,,,,,,,,,,,,,,,,,,,357020000,83270000,,44400000,76590000,43510000,,,,,,,,,,
Mongolia,MNG,"Stocks traded, total value (current US$)",CM.MKT.TRAD.CD,,,,,,,,,,,,,,,,,,,,,,,,,,,,,,,,,,,,,,,,,,,,,,,,,,,,,,,,,,,,,,,
Northern Mariana Islands,MNP,"Stocks traded, total value (current US$)",CM.MKT.TRAD.CD,,,,,,,,,,,,,,,,,,,,,,,,,,,,,,,,,,,,,,,,,,,,,,,,,,,,,,,,,,,,,,,
Mozambique,MOZ,"Stocks traded, total value (current US$)",CM.MKT.TRAD.CD,,,,,,,,,,,,,,,,,,,,,,,,,,,,,,,,,,,,,,,,,,,,,,,,,,,,,,,,,,,,,,,
Mauritania,MRT,"Stocks traded, total value (current US$)",CM.MKT.TRAD.CD,,,,,,,,,,,,,,,,,,,,,,,,,,,,,,,,,,,,,,,,,,,,,,,,,,,,,,,,,,,,,,,
Mauritius,MUS,"Stocks traded, total value (current US$)",CM.MKT.TRAD.CD,,,,,,,,,,,,,,,,,,,,,,,,,,,,,,,,,,37520000,83450000,53540000,99190000,122160000,94470000,70810000,65420000,105350000,55030000,102660000,114100000,139800000,156870000,411780000,348680000,340260000,365000000,510030000,295840000,321260000,463330000,460790000,319568571,449585432.6,454998235.7,373220000,310770000,,
Malawi,MWI,"Stocks traded, total value (current US$)",CM.MKT.TRAD.CD,,,,,,,,,,,,,,,,,,,,,,,,,,,,,,,,,,,,,,,,,,,,,,,,,,,,,,,,,,,,,,,
Malaysia,MYS,"Stocks traded, total value (current US$)",CM.MKT.TRAD.CD,,,,,,,,,,,,,,,,,,,,,2572600000,3103870000,1223970000,2999960000,2154930000,2399010000,1168600000,3810980000,2503230000,6606150000,10711640000,10684400000,18566190000,14162584000,11942760000,60129400000,25646550000,42592300000,26551930000,42056320000,52511580000,21032890000,25728420000,45712010000,54191340000,44644510000,69145410000,1.54641E+11,82321320000,80838640000,1.14789E+11,1.30318E+11,1.23657E+11,1.42164E+11,1.42651E+11,1.11482E+11,98285417642,1.37419E+11,1.35335E+11,1.0862E+11,2.48608E+11,,
North America,NAC,"Stocks traded, total value (current US$)",CM.MKT.TRAD.CD,,,,,,,,,,,,,,,,1.4249E+11,1.7969E+11,1.72541E+11,2.36003E+11,2.89928E+11,4.36972E+11,4.39447E+11,5.24612E+11,8.25292E+11,1.13373E+12,1.50777E+12,2.2389E+12,2.97022E+12,2.03388E+12,2.43095E+12,2.10022E+12,2.21318E+12,2.60615E+12,3.56777E+12,3.80489E+12,5.36207E+12,7.23051E+12,9.6036E+12,1.2662E+13,1.92086E+13,3.04107E+13,2.13297E+13,1.75014E+13,1.65517E+13,1.98097E+13,2.67244E+13,3.18191E+13,4.45977E+13,4.87484E+13,3.56393E+13,3.74303E+13,4.25194E+13,3.36975E+13,3.45709E+13,4.03205E+13,4.24946E+13,4.32249E+13,4.10661E+13,3.44009E+13,2.46247E+13,,,
Namibia,NAM,"Stocks traded, total value (current US$)",CM.MKT.TRAD.CD,,,,,,,,,,,,,,,,,,,,,,,,,,,,,,,,,,,12200000,2990000,37710000,23100000,12980000,22380000,18520000,5200000,1620000,2740000,19880000,5520000,17300000,20480000,14650000,24990000,20250000,12760000,59900000,33600000,69820000,,,,,98080000,36470000,,
New Caledonia,NCL,"Stocks traded, total value (current US$)",CM.MKT.TRAD.CD,,,,,,,,,,,,,,,,,,,,,,,,,,,,,,,,,,,,,,,,,,,,,,,,,,,,,,,,,,,,,,,
Niger,NER,"Stocks traded, total value (current US$)",CM.MKT.TRAD.CD,,,,,,,,,,,,,,,,,,,,,,,,,,,,,,,,,,,,,,,,,,,,,,,,,,,,,,,,,,,,,,,
Nigeria,NGA,"Stocks traded, total value (current US$)",CM.MKT.TRAD.CD,,,,,,,,,,,,,,,,,,,,,,,,,,,,,,,,,,30200000,44800000,83580000,314620000,499030000,609520000,112600000,,169200000,,,1680630000,1953770000,3597590000,17359880000,16718610000,4492730000,5105160000,3871930000,4092800000,6227900000,5132910000,4084890000,1509644083,2206106213,2586201830,2716610000,2481930000,,
Nicaragua,NIC,"Stocks traded, total value (current US$)",CM.MKT.TRAD.CD,,,,,,,,,,,,,,,,,,,,,,,,,,,,,,,,,,,,,,,,,,,,,,,,,,,,,,,,,,,,,,,
Netherlands,NLD,"Stocks traded, total value (current US$)",CM.MKT.TRAD.CD,,,,,,,,,,,,,,,,4763010000,5872000000,7866000000,9963000000,4678350000,4747900000,4020580000,4921430000,9482660000,11095310000,20206640000,33607600000,44544020000,30165540000,48881340000,43698110000,42545370000,44532750000,51112190000,75939950000,1.15796E+11,1.71321E+11,2.48329E+11,4.04866E+11,4.19909E+11,6.50382E+11,4.55908E+11,5.28096E+11,5.38916E+11,6.28501E+11,5.94702E+11,9.00784E+11,1.54146E+12,9.70764E+11,5.42077E+11,5.57392E+11,5.17451E+11,4.17462E+11,4.76592E+11,4.76177E+11,,,,,,,,
Norway,NOR,"Stocks traded, total value (current US$)",CM.MKT.TRAD.CD,,,,,,,,,,,,,,,,,,,,,84000000,99510000,87380000,906430000,2195860000,2127620000,1700320000,9646190000,4815010000,13030540000,14829960000,12609870000,9120080000,16629300000,18179710000,24486420000,35396600000,45792280000,39820060000,49890630000,60355500000,52842920000,36490730000,48890150000,91525110000,1.41729E+11,2.82837E+11,4.07837E+11,2.7172E+11,2.07692E+11,2.12021E+11,1.84791E+11,1.19607E+11,96531630000,1.0233E+11,95998950000,1.05333E+11,1.17842E+11,1.19168E+11,1.01703E+11,,,
Nepal,NPL,"Stocks traded, total value (current US$)",CM.MKT.TRAD.CD,,,,,,,,,,,,,,,,,,,,,,,,,,,,,,,,,,,,,,,,,,,,,,,,,,,,,,,,,,,,,,,
Nauru,NRU,"Stocks traded, total value (current US$)",CM.MKT.TRAD.CD,,,,,,,,,,,,,,,,,,,,,,,,,,,,,,,,,,,,,,,,,,,,,,,,,,,,,,,,,,,,,,,
New Zealand,NZL,"Stocks traded, total value (current US$)",CM.MKT.TRAD.CD,,,,,,,,,,,,,,,,,,,,,,,,,,937670000,2151500000,2934250000,1078100000,943800000,1925800000,2705770000,3023160000,6731400000,7399850000,8373880000,9684600000,8861920000,11767040000,12045890000,9975220000,8509680000,2586820000,3861970000,5090390000,5456180000,5406900000,5950220000,3297690000,3296850000,1916000000,,5347360000,8852080000,8655490000,9059180000,10935502053,11867884009,12186935213,12471500000,22199380000,,
OECD members,OED,"Stocks traded, total value (current US$)",CM.MKT.TRAD.CD,,,,,,,,,,,,,,,,2.96086E+11,3.65033E+11,3.58722E+11,5.38493E+11,5.97482E+11,7.85843E+11,8.66028E+11,7.82965E+11,1.35055E+12,1.7135E+12,2.43687E+12,4.00515E+12,6.62168E+12,5.94321E+12,6.63323E+12,5.40313E+12,4.57207E+12,4.56949E+12,6.4414E+12,7.36877E+12,9.01231E+12,1.09231E+13,1.48873E+13,1.9823E+13,2.90212E+13,4.34374E+13,3.18491E+13,2.57291E+13,2.62006E+13,3.20468E+13,4.06513E+13,5.11354E+13,7.37068E+13,7.31131E+13,5.25696E+13,5.52881E+13,6.02694E+13,4.79833E+13,5.08027E+13,5.72141E+13,5.61443E+13,5.41733E+13,5.38406E+13,4.79761E+13,3.60744E+13,,,
Oman,OMN,"Stocks traded, total value (current US$)",CM.MKT.TRAD.CD,,,,,,,,,,,,,,,,,,,,,,,,,,,,,,,,,,187900000,304300000,269780000,657910000,3727530000,1942080000,485850000,548600000,348000000,,,1971430000,3654220000,2916820000,6909370000,8799790000,5833970000,3309430000,2548940000,2662690000,5735640000,5804960000,3559680000,2459047123,2385830010,1916584223,1718600000,1040880000,,
Other small states,OSS,"Stocks traded, total value (current US$)",CM.MKT.TRAD.CD,,,,,,,,,,,,,,,,,,,,,,,,,,,,,,,,,,,,,,,2895610000,,,,,,,,,,,,,,20426350000,21632650000,56256530000,,,,,,,,
Pakistan,PAK,"Stocks traded, total value (current US$)",CM.MKT.TRAD.CD,,,,,,,,,,,,,,,,,,,,,,,,,,,,,,,,,,,,,5560590000,10562900000,8989720000,20824200000,30999800000,12452800000,,,1.40293E+11,1.39436E+11,1.24831E+11,99831760000,42279910000,17593320000,11653590000,9637900000,11976000000,562900000,539700000,,,,,,,,
Panama,PAN,"Stocks traded, total value (current US$)",CM.MKT.TRAD.CD,,,,,,,,,,,,,,,,,,,,,,,,,,,,,,,,,,61700000,70190000,8560000,23220000,54690000,106200000,57700000,181980000,44800000,58900000,53200000,180500000,156400000,253400000,362500000,290800000,32300000,68000000,324000000,716400000,190500000,248300000,,,,,374300000,210130000,,
Peru,PER,"Stocks traded, total value (current US$)",CM.MKT.TRAD.CD,,,,,,,,,,,,,,,,,,,,,,,,,,,,,,,,,,1547500000,3091400000,3884800000,3554100000,3857670000,2627380000,2455010000,2190650000,736170000,959820000,969200000,1057210000,1715940000,4132310000,8060850000,3681120000,2958750000,3993420000,5176170000,5278840000,3173100000,3227690000,1451050000,2695263973,6338486327,2276122243,1593400000,2112620000,,
Philippines,PHL,"Stocks traded, total value (current US$)",CM.MKT.TRAD.CD,,,,,,,,,,,,,,,,,,,,,1542000000,377000000,330000000,1416000000,376000000,303000000,1724000000,4733000000,2471000000,6087000000,3054000000,3469000000,6243000000,6593100000,13934400000,14666800000,25510400000,20350000000,10505910000,19378710000,7374260000,3013660000,2142550000,2444850000,3233590000,5352940000,9158600000,24234700000,12368670000,14319410000,22249330000,27366630000,35684030000,44588930000,42213210000,38418040000,35851411587,33804496728,29213839415,29994650000,32738060000,,
Palau,PLW,"Stocks traded, total value (current US$)",CM.MKT.TRAD.CD,,,,,,,,,,,,,,,,,,,,,,,,,,,,,,,,,,,,,,,,,,,,,,,,,,,,,,,,,,,,,,,
Papua New Guinea,PNG,"Stocks traded, total value (current US$)",CM.MKT.TRAD.CD,,,,,,,,,,,,,,,,,,,,,,,,,,,,,,,,,,,,,,,,,,580000,1301000,2360000,3990000,17090000,24860000,53720000,65060000,28170000,26750000,72560000,,,68510000,17760000,63850000,900000,,,,,
Poland,POL,"Stocks traded, total value (current US$)",CM.MKT.TRAD.CD,,,,,,,,,,,,,,,,,,,,,,,,,,,,,,,,83000000,417000000,1975100000,5206700000,2769110000,5543800000,7424680000,8872930000,10745410000,20459530000,10176860000,3242530000,7764010000,17805410000,26241350000,53233690000,90168840000,51688940000,56628310000,69439410000,73064170000,60228450000,72612730000,57794630000,52627770000,45639568724,68001894912,54748164734,50394380000,83438270000,,
Pre-demographic dividend,PRE,"Stocks traded, total value (current US$)",CM.MKT.TRAD.CD,,,,,,,,,,,,,,,,,,,,,,,,,,,,,,,,,,,,,,,704050000,,,,,,,,,,,,,,,,,,,,,,,,
Puerto Rico,PRI,"Stocks traded, total value (current US$)",CM.MKT.TRAD.CD,,,,,,,,,,,,,,,,,,,,,,,,,,,,,,,,,,,,,,,,,,,,,,,,,,,,,,,,,,,,,,,
"Korea, Dem. People's Rep.",PRK,"Stocks traded, total value (current US$)",CM.MKT.TRAD.CD,,,,,,,,,,,,,,,,,,,,,,,,,,,,,,,,,,,,,,,,,,,,,,,,,,,,,,,,,,,,,,,
Portugal,PRT,"Stocks traded, total value (current US$)",CM.MKT.TRAD.CD,,,,,,,,,,,,,,,,,,,,,,,,,,,,,,,,,,2396700000,4978500000,4212300000,7078900000,19886680000,50223630000,38162770000,55584450000,27286080000,22559990000,23901400000,37116910000,35726030000,66037100000,1.37402E+11,75908300000,44769670000,53651340000,35645570000,26436150000,38972910000,46804660000,,,,,,,,
Paraguay,PRY,"Stocks traded, total value (current US$)",CM.MKT.TRAD.CD,,,,,,,,,,,,,,,,,,,,,,,,,,,,,,,,,,,,19200000,29740000,19410000,15330000,11960000,,13700000,9400000,,,,,,,,,,,,,,,,,,,,
West Bank and Gaza,PSE,"Stocks traded, total value (current US$)",CM.MKT.TRAD.CD,,,,,,,,,,,,,,,,,,,,,,,,,,,,,,,,,,,,,,,,106620000,134140000,52880000,31970000,41350000,142230000,942800000,462000000,635640000,856540000,413930000,373940000,302470000,242920000,240350000,353910000,320380000,445960000,469060000,353490000,273890000,190090000,,
Pacific island small states,PSS,"Stocks traded, total value (current US$)",CM.MKT.TRAD.CD,,,,,,,,,,,,,,,,,,,,,,,,,,,,,,,,,,,,,,,,,,,,,,,,,,,,,,,,,,,,,,,
Post-demographic dividend,PST,"Stocks traded, total value (current US$)",CM.MKT.TRAD.CD,,,,,,,,,,,,,,,,2.9657E+11,3.65679E+11,3.5905E+11,5.37566E+11,5.94885E+11,7.84278E+11,8.64209E+11,7.79454E+11,1.34966E+12,1.71473E+12,2.43437E+12,4.01623E+12,6.6577E+12,5.95964E+12,6.66266E+12,5.43331E+12,4.57816E+12,4.59808E+12,6.54408E+12,7.46617E+12,9.04902E+12,1.10387E+13,1.52696E+13,1.99269E+13,2.91662E+13,4.36212E+13,3.19847E+13,2.58514E+13,2.63975E+13,3.22888E+13,4.083E+13,5.16005E+13,7.53956E+13,7.44207E+13,5.36453E+13,5.63039E+13,6.12873E+13,4.86445E+13,5.16074E+13,5.82024E+13,5.7797E+13,5.51612E+13,5.53096E+13,4.97926E+13,3.74096E+13,,,
French Polynesia,PYF,"Stocks traded, total value (current US$)",CM.MKT.TRAD.CD,,,,,,,,,,,,,,,,,,,,,,,,,,,,,,,,,,,,,,,,,,,,,,,,,,,,,,,,,,,,,,,
Qatar,QAT,"Stocks traded, total value (current US$)",CM.MKT.TRAD.CD,,,,,,,,,,,,,,,,,,,,,,,,,,,,,,,,,,,,,,,,,,,,,,,20754100000,29940120000,48186490000,25319200000,18401500000,22908600000,19410000000,20564610000,54729710000,24152160000,18956146618,18330180817,18980064807,13341180000,23174370000,,
Romania,ROU,"Stocks traded, total value (current US$)",CM.MKT.TRAD.CD,,,,,,,,,,,,,,,,,,,,,,,,,,,,,,,,,,,,,,238200000,151260000,100990000,56520000,104500000,143000000,220680000,828200000,1421570000,1604660000,2787110000,1225040000,1649630000,1677610000,2930150000,2005700000,1484440000,1550730000,1759480000,1721030000,2351360000,2434860000,2044510000,2933430000,,
Russian Federation,RUS,"Stocks traded, total value (current US$)",CM.MKT.TRAD.CD,,,,,,,,,,,,,,,,,,,,,,,,,,,,,,,,,,,,,,,,,,28201700000,47667400000,79722900000,1.18694E+11,1.47886E+11,5.82649E+11,1.27702E+12,1.15501E+12,5.1039E+11,5.06852E+11,5.54232E+11,3.40316E+11,2.3551E+11,1.5994E+11,1.17317E+11,1.39578E+11,1.45515E+11,1.4717E+11,1.80721E+11,2.76594E+11,,
Rwanda,RWA,"Stocks traded, total value (current US$)",CM.MKT.TRAD.CD,,,,,,,,,,,,,,,,,,,,,,,,,,,,,,,,,,,,,,,,,,,,,,,,,,,,,,,,,,,,4980000,,,
South Asia,SAS,"Stocks traded, total value (current US$)",CM.MKT.TRAD.CD,,,,,,,,,,,,,,,,,,,,,,,,,,,,,,,,,,,,,,,,,5.44912E+11,2.60988E+11,1.97228E+11,2.83504E+11,5.18136E+11,6.14441E+11,7.63055E+11,1.19192E+12,1.08197E+12,1.07191E+12,1.08237E+12,7.57319E+11,6.52533E+11,5.74325E+11,7.80382E+11,8.17595E+11,8.2487E+11,1.23371E+12,1.31295E+12,1.29966E+12,1.96195E+12,,
Saudi Arabia,SAU,"Stocks traded, total value (current US$)",CM.MKT.TRAD.CD,,,,,,,,,,,,,,,,,,,,,,,,,,,,,,,,,,,,,,,,,,22291000000,35678100000,1.59057E+11,4.72941E+11,1.10353E+12,1.40305E+12,6.81948E+11,5.23327E+11,3.3511E+11,2.01211E+11,2.91436E+11,5.11178E+11,3.62402E+11,5.67392E+11,4.36941E+11,3.0638E+11,2.18381E+11,2.29578E+11,2.20783E+11,4.85419E+11,,
Sudan,SDN,"Stocks traded, total value (current US$)",CM.MKT.TRAD.CD,,,,,,,,,,,,,,,,,,,,,,,,,,,,,,,,,,,,,,,,,,,,,,,,,,,,,,,,,,,,,,,
Senegal,SEN,"Stocks traded, total value (current US$)",CM.MKT.TRAD.CD,,,,,,,,,,,,,,,,,,,,,,,,,,,,,,,,,,,,,,,,,,,,,,,,,,,,,,,,,,,,,,,
Singapore,SGP,"Stocks traded, total value (current US$)",CM.MKT.TRAD.CD,,,,,,,,,,,,,,,,,,,,1063000000,3645700000,6376700000,2419000000,5587600000,3842600000,1445610000,2681700000,7222420000,4622030000,14114810000,21069600000,18083700000,18905900000,83468250000,88880800000,63952220000,60254800000,74137300000,58509600000,1.07407E+11,95153100000,71093600000,63047800000,94336510000,1.10812E+11,1.16623E+11,1.85885E+11,3.81289E+11,2.53028E+11,2.53832E+11,3.05797E+11,2.74686E+11,2.60747E+11,2.78735E+11,2.00607E+11,1.9803E+11,1.88052E+11,2.19612E+11,2.19525E+11,1.14204E+11,,,
Solomon Islands,SLB,"Stocks traded, total value (current US$)",CM.MKT.TRAD.CD,,,,,,,,,,,,,,,,,,,,,,,,,,,,,,,,,,,,,,,,,,,,,,,,,,,,,,,,,,,,,,,
Sierra Leone,SLE,"Stocks traded, total value (current US$)",CM.MKT.TRAD.CD,,,,,,,,,,,,,,,,,,,,,,,,,,,,,,,,,,,,,,,,,,,,,,,,,,,,,,,,,,,,,,,
El Salvador,SLV,"Stocks traded, total value (current US$)",CM.MKT.TRAD.CD,,,,,,,,,,,,,,,,,,,,,,,,,,,,,,,,,,,,,,,,,,,,,,,,,,,,,,,,,,,,,,,
San Marino,SMR,"Stocks traded, total value (current US$)",CM.MKT.TRAD.CD,,,,,,,,,,,,,,,,,,,,,,,,,,,,,,,,,,,,,,,,,,,,,,,,,,,,,,,,,,,,,,,
Somalia,SOM,"Stocks traded, total value (current US$)",CM.MKT.TRAD.CD,,,,,,,,,,,,,,,,,,,,,,,,,,,,,,,,,,,,,,,,,,,,,,,,,,,,,,,,,,,,,,,
Serbia,SRB,"Stocks traded, total value (current US$)",CM.MKT.TRAD.CD,,,,,,,,,,,,,,,,,,,,,,,,,,,,,,,,,,,,,,48500000,12500000,26700000,22000000,90000000,118100000,561630000,437770000,678440000,1632760000,3092920000,1187160000,680910000,313970000,382640000,240600000,,,,,,,,,,
Sub-Saharan Africa (excluding high income),SSA,"Stocks traded, total value (current US$)",CM.MKT.TRAD.CD,,,,,,,,,,,,,,,,,,,,,,,,,,,,,,,,,,,13840200000,16344660000,27822610000,43586700000,55499300000,73412190000,,35723100000,,,85992090000,1.14014E+11,1.79046E+11,,,,,,,,,,,,,,,,
South Sudan,SSD,"Stocks traded, total value (current US$)",CM.MKT.TRAD.CD,,,,,,,,,,,,,,,,,,,,,,,,,,,,,,,,,,,,,,,,,,,,,,,,,,,,,,,,,,,,,,,
Sub-Saharan Africa,SSF,"Stocks traded, total value (current US$)",CM.MKT.TRAD.CD,,,,,,,,,,,,,,,,,,,,,,,,,,,,,,,,,,,13840200000,16344660000,27822610000,43586700000,55499300000,73412190000,,35723100000,,,85992090000,1.14014E+11,1.79046E+11,,,,,,,,,,,,,,,,
Small states,SST,"Stocks traded, total value (current US$)",CM.MKT.TRAD.CD,,,,,,,,,,,,,,,,,,,,,,,,,,,,,,,,,,,,,,,,,,,,,,,,,,,,,,,,,,,,,,,
Sao Tome and Principe,STP,"Stocks traded, total value (current US$)",CM.MKT.TRAD.CD,,,,,,,,,,,,,,,,,,,,,,,,,,,,,,,,,,,,,,,,,,,,,,,,,,,,,,,,,,,,,,,
Suriname,SUR,"Stocks traded, total value (current US$)",CM.MKT.TRAD.CD,,,,,,,,,,,,,,,,,,,,,,,,,,,,,,,,,,,,,,,,,,,,,,,,,,,,,,,,,,,,,,,
Slovak Republic,SVK,"Stocks traded, total value (current US$)",CM.MKT.TRAD.CD,,,,,,,,,,,,,,,,,,,,,,,,,,,,,,,,,,2700000,174700000,834700000,2607100000,2368800000,1012000000,478000000,534000000,953200000,880900000,746500000,750500000,66400000,99500000,31270000,21080000,174680000,308920000,452810000,76940000,53950000,10240000,,,,,,,,
Slovenia,SVN,"Stocks traded, total value (current US$)",CM.MKT.TRAD.CD,,,,,,,,,,,,,,,,,,,,,,,,,,,,,,,,,,400000,416600000,348100000,494100000,519740000,806050000,848370000,638860000,965680000,926520000,500240000,771260000,476050000,1056370000,2936580000,1352320000,1032860000,484040000,512100000,399910000,412580000,735840000,364530000,305770691,400826169,375064750.8,149940000,462050000,,
Sweden,SWE,"Stocks traded, total value (current US$)",CM.MKT.TRAD.CD,,,,,,,,,,,,,,,,109000000,126000000,374000000,424000000,2062300000,1796400000,3669500000,4614200000,9847400000,8470200000,10799760000,16924000000,19588400000,18661700000,18034400000,15665200000,20534700000,28450200000,40607900000,88487090000,99323720000,1.3047E+11,1.52824E+11,1.99769E+11,2.14819E+11,3.7906E+11,2.99878E+11,1.85567E+11,1.98437E+11,3.098E+11,,,,,,,,,,,,,,,,,,
Eswatini,SWZ,"Stocks traded, total value (current US$)",CM.MKT.TRAD.CD,,,,,,,,,,,,,,,,,,,,,,,,,,,,,,,,,,,2100000,380000,371760000,357320000,201200000,150000,210000,8500000,180000,50000,40000,30000,60000,3540000,,,,,,,,,,,,,,,
Sint Maarten (Dutch part),SXM,"Stocks traded, total value (current US$)",CM.MKT.TRAD.CD,,,,,,,,,,,,,,,,,,,,,,,,,,,,,,,,,,,,,,,,,,,,,,,,,,,,,,,,,,,,,,,
Seychelles,SYC,"Stocks traded, total value (current US$)",CM.MKT.TRAD.CD,,,,,,,,,,,,,,,,,,,,,,,,,,,,,,,,,,,,,,,,,,,,,,,,,,,,,,,157800000,,,,,,,,
Syrian Arab Republic,SYR,"Stocks traded, total value (current US$)",CM.MKT.TRAD.CD,,,,,,,,,,,,,,,,,,,,,,,,,,,,,,,,,,,,,,,,,,,,,,,,,,,,,,,,,,,,,,,
Turks and Caicos Islands,TCA,"Stocks traded, total value (current US$)",CM.MKT.TRAD.CD,,,,,,,,,,,,,,,,,,,,,,,,,,,,,,,,,,,,,,,,,,,,,,,,,,,,,,,,,,,,,,,
Chad,TCD,"Stocks traded, total value (current US$)",CM.MKT.TRAD.CD,,,,,,,,,,,,,,,,,,,,,,,,,,,,,,,,,,,,,,,,,,,,,,,,,,,,,,,,,,,,,,,
East Asia & Pacific (IDA & IBRD countries),TEA,"Stocks traded, total value (current US$)",CM.MKT.TRAD.CD,,,,,,,,,,,,,,,,,,,,,,,,,,,,,,,,,,1.56912E+11,1.86872E+11,2.25613E+11,3.98008E+11,4.73647E+11,3.57049E+11,,8.44702E+11,5.27516E+11,4.19749E+11,5.53471E+11,7.0774E+11,5.6006E+11,1.37465E+12,6.69204E+12,4.19187E+12,8.17167E+12,8.75255E+12,7.16401E+12,5.51732E+12,8.34547E+12,1.25755E+13,3.9846E+13,1.88717E+13,1.78709E+13,1.37792E+13,1.89029E+13,3.25313E+13,,
Europe & Central Asia (IDA & IBRD countries),TEC,"Stocks traded, total value (current US$)",CM.MKT.TRAD.CD,,,,,,,,,,,,,,,,,,,,,,,,,,,,,,,,,,,,,,,,,,1.04439E+11,1.19496E+11,1.87198E+11,2.86266E+11,3.78533E+11,8.71773E+11,1.7184E+12,1.4387E+12,8.88283E+11,9.86368E+11,9.94733E+11,7.64413E+11,6.86322E+11,5.9053E+11,5.24512E+11,4.69837E+11,5.9443E+11,5.75708E+11,5.8165E+11,1.23217E+12,,
Togo,TGO,"Stocks traded, total value (current US$)",CM.MKT.TRAD.CD,,,,,,,,,,,,,,,,,,,,,,,,,,,,,,,,,,,,,,,,,,,,,,,,,,,,,,,,,,,,,,,
Thailand,THA,"Stocks traded, total value (current US$)",CM.MKT.TRAD.CD,,,,,,,,,,,,,,,,,,,,,693000000,233000000,555000000,794000000,936000000,1323000000,2202000000,10797000000,13116000000,12721700000,15736500000,19401000000,71445470000,87102150000,81034600000,58913800000,6673620000,17655040000,22670570000,37307120000,19331120000,31050830000,41280400000,1.0455E+11,1.16937E+11,89820010000,97009620000,1.12751E+11,1.06058E+11,1.26621E+11,2.22431E+11,2.15271E+11,2.38851E+11,3.49912E+11,3.1064E+11,2.71317E+11,3.24999E+11,3.39529E+11,3.86543E+11,3.67106E+11,4.81299E+11,,
Tajikistan,TJK,"Stocks traded, total value (current US$)",CM.MKT.TRAD.CD,,,,,,,,,,,,,,,,,,,,,,,,,,,,,,,,,,,,,,,,,,,,,,,,,,,,,,,,,,,,,,,
Turkmenistan,TKM,"Stocks traded, total value (current US$)",CM.MKT.TRAD.CD,,,,,,,,,,,,,,,,,,,,,,,,,,,,,,,,,,,,,,,,,,,,,,,,,,,,,,,,,,,,,,,
Latin America & the Caribbean (IDA & IBRD countries),TLA,"Stocks traded, total value (current US$)",CM.MKT.TRAD.CD,,,,,,,,,,,,,,,,,,,,,,11487950000,,,9656230000,20283740000,,,19664800000,20076120000,26866280000,50091630000,85705390000,1.54604E+11,2.64059E+11,1.61755E+11,1.99284E+11,3.24896E+11,2.38849E+11,2.17296E+11,1.59629E+11,1.31319E+11,70956000000,1.05996E+11,1.78902E+11,2.62558E+11,4.12583E+11,8.39109E+11,7.08993E+11,8.4684E+11,1.10652E+12,1.01017E+12,1.03823E+12,9.70744E+11,8.23799E+11,5.59709E+11,7.18617E+11,8.1686E+11,9.27676E+11,1.17984E+12,1.51061E+12,,
Timor-Leste,TLS,"Stocks traded, total value (current US$)",CM.MKT.TRAD.CD,,,,,,,,,,,,,,,,,,,,,,,,,,,,,,,,,,,,,,,,,,,,,,,,,,,,,,,,,,,,,,,
Middle East & North Africa (IDA & IBRD countries),TMN,"Stocks traded, total value (current US$)",CM.MKT.TRAD.CD,,,,,,,,,,,,,,,,,,,,,,,,,,,,,,,,,,,,,,,,,,,,,,,,,,,,39858930000,,,,,35434284506,,,,,,
Tonga,TON,"Stocks traded, total value (current US$)",CM.MKT.TRAD.CD,,,,,,,,,,,,,,,,,,,,,,,,,,,,,,,,,,,,,,,,,,,,,,,,,,,,,,,,,,,,,,,
South Asia (IDA & IBRD),TSA,"Stocks traded, total value (current US$)",CM.MKT.TRAD.CD,,,,,,,,,,,,,,,,,,,,,,,,,,,,,,,,,,,,,,,,,5.44912E+11,2.60988E+11,1.97228E+11,2.83504E+11,5.18136E+11,6.14441E+11,7.63055E+11,1.19192E+12,1.08197E+12,1.07191E+12,1.08237E+12,7.57319E+11,6.52533E+11,5.74325E+11,7.80382E+11,8.17595E+11,8.2487E+11,1.23371E+12,1.31295E+12,1.29966E+12,1.96195E+12,,
Sub-Saharan Africa (IDA & IBRD countries),TSS,"Stocks traded, total value (current US$)",CM.MKT.TRAD.CD,,,,,,,,,,,,,,,,,,,,,,,,,,,,,,,,,,,13840200000,16344660000,27822610000,43586700000,55499300000,73412190000,,35723100000,,,85992090000,1.14014E+11,1.79046E+11,,,,,,,,,,,,,,,,
Trinidad and Tobago,TTO,"Stocks traded, total value (current US$)",CM.MKT.TRAD.CD,,,,,,,,,,,,,,,,,,,,,,,,,,,,,,,,,,,,,,,,,139100000,166100000,,,,,,,,,,,,,,,,,,,,,
Tunisia,TUN,"Stocks traded, total value (current US$)",CM.MKT.TRAD.CD,,,,,,,,,,,,,,,,,,,,,,,,,,,,,,,,,,,275600000,669620000,201300000,196770000,161870000,,,,,,,,,,,,1835600000,1050650000,1251300000,461900000,887200000,,,,,,,,
Turkiye,TUR,"Stocks traded, total value (current US$)",CM.MKT.TRAD.CD,,,,,,,,,,,,,,,,,,,,,,,,,,,,,,,,8277400000,8346300000,15999100000,21667000000,50888700000,36232800000,43687250000,57170300000,67989190000,1.65968E+11,65679790000,67971290000,98127800000,1.46562E+11,1.99727E+11,2.2647E+11,3.24802E+11,2.21236E+11,3.1272E+11,4.03248E+11,3.61076E+11,3.58926E+11,3.74251E+11,3.69746E+11,3.49685E+11,2.81808E+11,3.77304E+11,3.6981E+11,3.47629E+11,8.68599E+11,,
Tuvalu,TUV,"Stocks traded, total value (current US$)",CM.MKT.TRAD.CD,,,,,,,,,,,,,,,,,,,,,,,,,,,,,,,,,,,,,,,,,,,,,,,,,,,,,,,,,,,,,,,
Tanzania,TZA,"Stocks traded, total value (current US$)",CM.MKT.TRAD.CD,,,,,,,,,,,,,,,,,,,,,,,,,,,,,,,,,,,,,,,,40000,4800000,7130000,,,,,,,,,,,,,,,,,,,18520000,,
Uganda,UGA,"Stocks traded, total value (current US$)",CM.MKT.TRAD.CD,,,,,,,,,,,,,,,,,,,,,,,,,,,,,,,,,,,,,,,,,,,,,,,,,,,,,,,,,,,,,,,
Ukraine,UKR,"Stocks traded, total value (current US$)",CM.MKT.TRAD.CD,,,,,,,,,,,,,,,,,,,,,,,,,,,,,,,,,,,,,,,,,,,,,,,,,,,2838700000,1177700000,624900000,329600000,122780000,34610000,12650000,19470000,11930000,1320000,,,
Upper middle income,UMC,"Stocks traded, total value (current US$)",CM.MKT.TRAD.CD,,,,,,,,,,,,,,,,,,,,,,,,,,,,,,,,,,3.2458E+11,4.65822E+11,4.28212E+11,6.32468E+11,8.53135E+11,6.91219E+11,,1.2254E+12,7.79959E+11,6.49476E+11,8.77577E+11,1.22135E+12,1.25916E+12,2.73942E+12,9.34119E+12,6.43555E+12,9.98092E+12,1.09373E+13,9.22692E+12,7.40113E+12,1.00604E+13,1.40769E+13,4.10283E+13,2.03287E+13,1.95058E+13,1.53954E+13,2.07985E+13,3.53525E+13,,
Uruguay,URY,"Stocks traded, total value (current US$)",CM.MKT.TRAD.CD,,,,,,,,,,,,,,,,,,,,,,,,,,,,,,,,,,,9300000,560000,550000,,260000,130000,,,,,,,,,,,,,,,,,,,,,,,
United States,USA,"Stocks traded, total value (current US$)",CM.MKT.TRAD.CD,,,,,,,,,,,,,,,,1.37281E+11,1.73321E+11,1.65874E+11,2.25844E+11,2.71851E+11,4.09816E+11,4.1576E+11,5.08144E+11,7.97123E+11,1.10842E+12,1.46878E+12,2.18172E+12,2.87696E+12,1.9651E+12,2.34157E+12,2.0321E+12,2.13984E+12,2.53045E+12,3.43441E+12,3.64874E+12,5.17863E+12,6.9655E+12,9.26555E+12,1.23052E+13,1.88157E+13,2.9782E+13,2.08836E+13,1.70529E+13,1.60451E+13,1.91031E+13,2.57922E+13,3.05818E+13,4.28526E+13,4.72455E+13,3.43064E+13,3.60254E+13,4.10455E+13,3.23495E+13,3.32473E+13,3.89766E+13,4.13985E+13,4.20713E+13,3.97859E+13,3.30272E+13,2.31921E+13,,,
Uzbekistan,UZB,"Stocks traded, total value (current US$)",CM.MKT.TRAD.CD,,,,,,,,,,,,,,,,,,,,,,,,,,,,,,,,,,,,,,,,,,,,,,,,,,,,,,,,,,,,,,,
St. Vincent and the Grenadines,VCT,"Stocks traded, total value (current US$)",CM.MKT.TRAD.CD,,,,,,,,,,,,,,,,,,,,,,,,,,,,,,,,,,,,,,,,,,,,,,,,,,,,,,,,,,,,,,,
"Venezuela, RB",VEN,"Stocks traded, total value (current US$)",CM.MKT.TRAD.CD,,,,,,,,,,,,,,,,,,,,,,,,,,,,,,,,,,1593600000,947800000,329450000,1266090000,3625470000,1553630000,944210000,2182400000,1147000000,88800000,,,,,,,,,,,,,,,,,,,,
British Virgin Islands,VGB,"Stocks traded, total value (current US$)",CM.MKT.TRAD.CD,,,,,,,,,,,,,,,,,,,,,,,,,,,,,,,,,,,,,,,,,,,,,,,,,,,,,,,,,,,,,,,
Virgin Islands (U.S.),VIR,"Stocks traded, total value (current US$)",CM.MKT.TRAD.CD,,,,,,,,,,,,,,,,,,,,,,,,,,,,,,,,,,,,,,,,,,,,,,,,,,,,,,,,,,,,,,,
Viet Nam,VNM,"Stocks traded, total value (current US$)",CM.MKT.TRAD.CD,,,,,,,,,,,,,,,,,,,,,,,,,,,,,,,,,,,,,,,,,,,,,,,,,10151670151,33009603865,30856484329,11524007845,,13964505494,29863072365,23745952132,27014065108,44295572254,52803727658,31559710000,56858820000,,
Vanuatu,VUT,"Stocks traded, total value (current US$)",CM.MKT.TRAD.CD,,,,,,,,,,,,,,,,,,,,,,,,,,,,,,,,,,,,,,,,,,,,,,,,,,,,,,,,,,,,,,,
World,WLD,"Stocks traded, total value (current US$)",CM.MKT.TRAD.CD,,,,,,,,,,,,,,,,2.98067E+11,3.67528E+11,3.60328E+11,5.40797E+11,6.06436E+11,8.16098E+11,8.96015E+11,8.02889E+11,1.38677E+12,1.74676E+12,2.47137E+12,4.09112E+12,6.83858E+12,6.28343E+12,7.70029E+12,6.21491E+12,5.06261E+12,5.04258E+12,7.25579E+12,8.70418E+12,9.91279E+12,1.22285E+13,1.73902E+13,2.16532E+13,3.06989E+13,4.64163E+13,3.36409E+13,2.74704E+13,2.84421E+13,3.55226E+13,4.47155E+13,5.77573E+13,8.83898E+13,8.38731E+13,6.65691E+13,7.00926E+13,7.28912E+13,5.82713E+13,6.36992E+13,7.49444E+13,1.01168E+14,7.76654E+13,7.77033E+13,6.82514E+13,6.11389E+13,,,
Samoa,WSM,"Stocks traded, total value (current US$)",CM.MKT.TRAD.CD,,,,,,,,,,,,,,,,,,,,,,,,,,,,,,,,,,,,,,,,,,,,,,,,,,,,,,,,,,,,,,,
Kosovo,XKX,"Stocks traded, total value (current US$)",CM.MKT.TRAD.CD,,,,,,,,,,,,,,,,,,,,,,,,,,,,,,,,,,,,,,,,,,,,,,,,,,,,,,,,,,,,,,,
"Yemen, Rep.",YEM,"Stocks traded, total value (current US$)",CM.MKT.TRAD.CD,,,,,,,,,,,,,,,,,,,,,,,,,,,,,,,,,,,,,,,,,,,,,,,,,,,,,,,,,,,,,,,
South Africa,ZAF,"Stocks traded, total value (current US$)",CM.MKT.TRAD.CD,,,,,,,,,,,,,,,,894000000,743020000,837000000,1094000000,2102300000,5188400000,2602660000,2593830000,3415490000,1832370000,2429540000,5184670000,9899210000,4405510000,7399170000,8245810000,8078710000,7242640000,7914560000,13356750000,15947900000,26646700000,42069040000,54282820000,72818840000,70501850000,35362320000,47686360000,49058710000,83768360000,1.11313E+11,1.7374E+11,2.57725E+11,2.02637E+11,2.17514E+11,2.77224E+11,2.25831E+11,2.26864E+11,2.3225E+11,2.45697E+11,2.33988E+11,4.02439E+11,4.09717E+11,2.95012E+11,2.84817E+11,2.93832E+11,,
Zambia,ZMB,"Stocks traded, total value (current US$)",CM.MKT.TRAD.CD,,,,,,,,,,,,,,,,,,,,,,,,,,,,,,,,,,,400000,220000,2660000,8000000,1310000,5690000,1000000,5000000,5000000,6520000,2190000,11100000,12040000,,,,20030000,20500000,18200000,,,,,,,,,,
Zimbabwe,ZWE,"Stocks traded, total value (current US$)",CM.MKT.TRAD.CD,,,,,,,,,,,,,,,,,,,,,,,,,,,,,,,,,,50200000,172900000,139440000,234130000,312850000,80260000,201160000,,,,,,,,,,,,,,,,,,,,,,,
